t,Energy,DissipationProxy,DeltaIntU,HalfDeltaIntPhi,misfit
0.0,15606.452486683009,nan,0.0,0.0,0.0
0.04,15601.787295565511,-39.42333186142196,0.2478942629204539,0.2478942644011113,-1.4806573744863272e-09
0.08,15598.772009129194,-33.91428775216056,0.5151261572063959,0.5151261587998306,-1.5934347175061703e-09
0.12,15596.68269234137,-30.13737325988831,0.8025235902532586,0.802523591901263,-1.648004399612546e-09
0.16,15595.138287954263,-27.41556360258024,1.1087480541027617,1.1087480556780065,-1.5752448234707117e-09
0.2,15593.929182317468,-25.38059724462868,1.4319437672602362,1.43194376899919,-1.7389538697898388e-09
0.24000000000000002,15592.93510607129,-23.817932970115944,1.7703043672372587,1.7703043688525213,-1.6152625903487206e-09
0.28,15592.084139834697,-22.59449331405283,2.1222357728947827,2.122235774542787,-1.648004399612546e-09
0.32,15591.331518204606,-21.623162259989545,2.486374957541557,2.4863749591459054,-1.6043486539274454e-09
0.36,15590.648304572385,-20.844337256126366,2.8615635635760555,2.8615635652859055,-1.709850039333105e-09
0.39999999999999997,15590.015139614012,-20.215776212625617,3.24681259837962,3.246812600042176,-1.6625563148409128e-09
0.43999999999999995,15589.418674529392,-19.706687381961864,3.6412701454792114,3.6412701471308537,-1.6516423784196377e-09
0.4799999999999999,15588.849466420448,-19.294106847129143,4.044194949969096,4.044194951526151,-1.5570549294352531e-09
0.5199999999999999,15588.300693601543,-18.960576390998664,4.45493565122888,4.454935652913264,-1.684384187683463e-09
0.5599999999999999,15587.76734474383,-18.69259868668467,4.872914622566896,4.872914624265832,-1.69893610291183e-09
0.6,15587.245690409665,-18.47957857634969,5.2976153602066915,5.297615361898352,-1.6916601452976465e-09
0.64,15586.732928180498,-18.313080200785638,5.7285725627079955,5.72857256428324,-1.5752448234707117e-09
0.68,15586.226937794449,-18.18629589202278,6.165364256794419,6.165364258558839,-1.7644197214394808e-09
0.7200000000000001,15585.72610805397,-18.093660640939564,6.607605505105312,6.607605506829714,-1.724401954561472e-09
0.7600000000000001,15585.229211838983,-18.03056865641153,7.0549433534251875,7.054943355098658,-1.673470251262188e-09
0.8000000000000002,15584.735314166632,-17.993162688296398,7.5070527722200495,7.507052773828036,-1.6079866327345371e-09
0.8400000000000002,15584.243703458942,-17.97817591590864,7.963633397685044,7.963633399358514,-1.673470251262188e-09
0.8800000000000002,15583.753839440204,-17.98281225527256,8.42440692809032,8.424406929687393,-1.597072696313262e-09
0.9200000000000003,15583.265313164364,-18.004655038126817,8.889115052221314,8.889115053971182,-1.749867806211114e-09
0.9600000000000003,15582.777816038584,-18.041596841093483,9.35751781523868,9.357517816915788,-1.6771082300692797e-09
1.0000000000000002,15582.291115621485,-18.091785217716758,9.829392334144359,9.829392335872399,-1.7280399333685637e-09
1.0400000000000003,15581.80503660069,-18.153580481580548,10.304531795827643,10.304531797493837,-1.6661942936480045e-09
1.0800000000000003,15581.319445778738,-18.225522685124986,10.78274467373194,10.782744675252616,-1.520675141364336e-09
1.1200000000000003,15580.834240210903,-18.30630565692704,11.263854113367415,11.263854115095455,-1.7280399333685637e-09
1.1600000000000004,15580.349337843625,-18.394756482573648,11.747697440390766,11.747697442100616,-1.709850039333105e-09
1.2000000000000004,15579.864670165109,-18.48981919776258,12.234125752529508,12.23412575416296,-1.6334524843841791e-09
1.2400000000000004,15579.380176488283,-18.59054174659012,12.723003565435647,12.723003567047272,-1.6116246115416288e-09
1.2800000000000005,15578.895799569933,-18.69606547093989,13.214208484059782,13.21420848575508,-1.6952981241047382e-09
1.3200000000000005,15578.411482329224,-18.8056165581299,13.707630879434873,13.707630881181103,-1.7462298274040222e-09
1.3600000000000005,15577.927165475448,-18.918498997422024,14.203173551759392,14.20317355363295,-1.873559085652232e-09
1.4000000000000006,15577.442785887817,-19.034088691591922,14.700751369859063,14.70075137162712,-1.7680577002465725e-09
1.4400000000000006,15576.958275617708,-19.151828444582534,15.200290874472557,15.200290876018698,-1.546140993013978e-09
1.4800000000000006,15576.473561399822,-19.271223605447602,15.701729840431653,15.701729842228815,-1.7971615307033062e-09
1.5200000000000007,15575.988564582012,-19.39183819600478,16.205016796651762,16.205016798325232,-1.673470251262188e-09
1.5600000000000007,15575.503201389289,-19.51329138756047,16.710110496689595,16.710110498239374,-1.5497789718210697e-09
1.6000000000000008,15575.017383452874,-19.63525422271468,17.2169793477442,17.216979349286703,-1.5425030142068863e-09
1.6400000000000008,15574.531018544312,-19.75744650307397,17.725600795314676,17.725600796919025,-1.6043486539274454e-09
1.6800000000000008,15574.044011459662,-19.879633783821106,18.235960670928762,18.23596067244216,-1.5133991837501526e-09
1.7200000000000009,15573.556265009078,-20.00162443236475,18.748052504426596,18.748052505943633,-1.5170371625572443e-09
1.760000000000001,15573.06768107237,-20.123266721415337,19.26187680935982,19.261876811026013,-1.6661942936480045e-09
1.800000000000001,15572.57816168607,-20.244445937355255,19.777440347541415,19.777440349091194,-1.5497789718210697e-09
1.840000000000001,15572.087610131015,-20.36508149314494,20.294755375638488,20.29475537725375,-1.6152625903487206e-09
1.880000000000001,15571.595931999589,-20.485124041615247,20.81383888686105,20.81383888853088,-1.6698322724550962e-09
1.920000000000001,15571.103036218265,-20.604552590162378,21.33471184873997,21.334711850438907,-1.69893610291183e-09
1.960000000000001,15570.608836009143,-20.72337162185084,21.857398447977175,21.8573984495888,-1.6116246115416288e-09
2.000000000000001,15570.11324977649,-20.841608230970493,22.381925346300704,22.38192534794871,-1.648004399612546e-09
2.040000000000001,15569.616201908093,-20.95930928337388,22.90832095623773,22.908320957725664,-1.4879333321005106e-09
2.080000000000001,15569.117623478602,-21.07653861359311,23.436614740581717,23.436614742164238,-1.5825207810848951e-09
2.120000000000001,15568.617452851548,-21.193374271915722,23.96683654406661,23.96683654566732,-1.6007106751203537e-09
2.160000000000001,15568.115636173929,-21.30990583538976,24.499015958994278,24.499015960569523,-1.5752448234707117e-09
2.200000000000001,15567.612127758834,-21.426231797189754,25.033181733881065,25.03318173552543,-1.6443664208054543e-09
2.240000000000001,15567.106890357565,-21.54245704895611,25.56936122618208,25.56936122776824,-1.5861587598919868e-09
2.280000000000001,15566.599895316782,-21.658690470653728,26.1075799038299,26.107579905528837,-1.69893610291183e-09
2.320000000000001,15566.091122627178,-21.77504264219659,26.64786090054622,26.64786090215057,-1.6043486539274454e-09
2.360000000000001,15565.580560862958,-21.891623690560255,27.190224623886024,27.190224625392148,-1.5061232261359692e-09
2.4000000000000012,15565.068207016118,-22.008541285355378,27.734688421671308,27.734688423366606,-1.6952981241047382e-09
2.4400000000000013,15564.554066234243,-22.125898794865606,28.281266306014004,28.281266307611077,-1.597072696313262e-09
2.4800000000000013,15564.038151463255,-22.24379361335545,28.82996873464799,28.829968736248702,-1.6007106751203537e-09
2.5200000000000014,15563.520483007533,-22.36231566904082,29.38080245229503,29.380802453873912,-1.5788828022778034e-09
2.5600000000000014,15563.001088012637,-22.48154612048261,29.933770388561243,29.93377039016923,-1.6079866327345371e-09
2.6000000000000014,15562.479999880545,-22.601556247345602,30.488871612113144,30.488871613750234,-1.6370904631912708e-09
2.6400000000000015,15561.957257629541,-22.72240653946286,31.046101339339657,31.04610134095128,-1.6116246115416288e-09
2.6800000000000015,15561.4329052059,-22.844145986008986,31.60545099371302,31.605450995197316,-1.4842953532934189e-09
2.7200000000000015,15560.906990763142,-22.96681156434296,32.16690831372398,32.166908315368346,-1.6443664208054543e-09
2.7600000000000016,15560.379565914576,-23.09042792577713,32.73045750557503,32.730457507241226,-1.6661942936480045e-09
2.8000000000000016,15559.850684974279,-23.21500727321682,33.296079435960564,33.29607943749579,-1.5352270565927029e-09
2.8400000000000016,15559.320404199174,-23.340549423345774,33.863751860451885,33.86375186191435,-1.4624674804508686e-09
2.8800000000000017,15558.788781036017,-23.467042043856907,34.4334496839474,34.43344968551537,-1.5679688658565283e-09
2.9200000000000017,15558.255873390894,-23.59446105420253,35.00514524755272,35.00514524917526,-1.622538547962904e-09
2.9600000000000017,15557.721738927195,-23.722771176508612,35.5788086356697,35.578808637284965,-1.6152625903487206e-09
3.0000000000000018,15557.186434401023,-23.851926621709268,36.154408000638796,36.15440800215947,-1.520675141364336e-09
3.040000000000002,15556.650015040834,-23.981871894645685,36.73190989802606,36.7319098996486,-1.622538547962904e-09
3.080000000000002,15556.112533979838,-24.112542700868836,37.31127962884784,37.311279630426725,-1.5788828022778034e-09
3.120000000000002,15555.574041744143,-24.243866937200554,37.89248158320697,37.892481584603956,-1.3969838619232178e-09
3.160000000000002,15555.034585803096,-24.37576574776224,38.47547958106952,38.475479582593834,-1.5243131201714277e-09
3.200000000000002,15554.49421018082,-24.50815462715946,39.060237207067985,39.060237208559556,-1.4915713109076023e-09
3.240000000000002,15553.952955135444,-24.6409445528159,39.646718133390095,39.6467181348271,-1.4370016288012266e-09
3.280000000000002,15553.41085690241,-24.774043129054515,40.234886429807375,40.23488643118981,-1.382431946694851e-09
3.320000000000002,15552.867947503732,-24.90735572640328,40.82470685524095,40.82470685674343,-1.5024852473288774e-09
3.360000000000002,15552.324254619403,-25.040786600718747,41.416145131675876,41.416145133207465,-1.5315890777856112e-09
3.400000000000002,15551.7798015213,-25.17423997804206,42.00916819316262,42.009168194796075,-1.6334524843841791e-09
3.440000000000002,15551.234607063938,-25.30762109258044,42.60374441394015,42.603744415479014,-1.5388650353997946e-09
3.480000000000002,15550.688685729148,-25.440837166798175,43.19984380930691,43.19984381087852,-1.57160684466362e-09
3.5200000000000022,15550.142047720292,-25.573798324267752,43.79743821197917,43.797438213408896,-1.4297256711870432e-09
3.5600000000000023,15549.594699102992,-25.7064184276206,44.39650142037135,44.39650142185201,-1.4806573744863272e-09
3.6000000000000023,15549.046641983192,-25.8386158356238,44.99700932117048,44.997009322709346,-1.5388650353997946e-09
3.6400000000000023,15548.497874722148,-25.97031407503514,45.5989399844766,45.598939985873585,-1.3969838619232178e-09
3.6800000000000024,15547.948392181663,-26.101442424450042,46.202273731883906,46.20227373333546,-1.4515535440295935e-09
3.7200000000000024,15547.398185993323,-26.231936408798667,46.806993180412974,46.80699318175539,-1.342414179816842e-09
3.7600000000000025,15546.847244848028,-26.361738204475845,47.41308325940554,47.41308326087528,-1.469743438065052e-09
3.8000000000000025,15546.295554803059,-26.490796956267875,48.02053120529672,48.02053120680648,-1.5097612049430609e-09
3.8400000000000025,15545.7430995974,-26.619069008272685,48.62932653286771,48.62932653436292,-1.495209289714694e-09
3.8800000000000026,15545.189860977562,-26.746518051884124,49.2394609855437,49.2394609870571,-1.5133991837501526e-09
3.9200000000000026,15544.6358190238,-26.873115194637112,49.850928465864854,49.85092846731641,-1.4515535440295935e-09
3.9600000000000026,15544.08095248031,-26.998838954281506,50.46372494760362,50.4637249490188,-1.4151737559586763e-09
4.000000000000003,15543.525239078124,-27.123675182891617,51.07784837239524,51.07784837393774,-1.5425030142068863e-09
4.040000000000003,15542.968655855782,-27.24761692611913,51.69329853070667,51.69329853219824,-1.4915713109076023e-09
4.080000000000003,15542.411179469751,-27.370664222895268,52.31007692977073,52.310076931236836,-1.4661054592579603e-09
4.120000000000003,15541.852786495228,-27.492823850977885,52.928186651122815,52.92818665258892,-1.4661054592579603e-09
4.160000000000003,15541.293453714274,-27.614109023751347,53.54763219785309,53.547632199250074,-1.3969838619232178e-09
4.200000000000003,15540.73315838967,-27.734539043631028,54.16841933452815,54.168419335983344,-1.4551915228366852e-09
4.240000000000003,15540.171878523997,-27.85413891731626,54.79055492119005,54.790554922496085,-1.306034391745925e-09
4.280000000000003,15539.609593100604,-27.97293893799227,55.41404674230944,55.41404674369551,-1.3860699255019426e-09
4.320000000000003,15539.046282306917,-28.090974239411988,56.03890333468007,56.03890333606614,-1.3860699255019426e-09
4.360000000000003,15538.481927739196,-28.208284326608435,56.6651338118827,56.66513381341065,-1.5279510989785194e-09
4.400000000000003,15537.91651258682,-28.32491258780263,57.292747691801196,57.292747693223646,-1.4224497135728598e-09
4.440000000000003,15537.350021795937,-28.44090579188918,57.92175472346935,57.92175472483359,-1.3642420526593924e-09
4.480000000000003,15536.782442212509,-28.556313575709844,58.55216471969834,58.5521647211026,-1.4042598195374012e-09
4.520000000000003,15536.213762702384,-28.67118792515855,59.183987392811105,59.18398739418626,-1.3751559890806675e-09
4.560000000000003,15535.643974251787,-28.785582654012728,59.81723219653577,59.81723219800915,-1.4733814168721437e-09
4.600000000000003,15535.07307004277,-28.89955288424207,60.45190817614275,60.451908177539735,-1.3969838619232178e-09
4.640000000000003,15534.50104550833,-29.01315453141584,61.08802382517024,61.08802382651993,-1.3496901374310255e-09
4.680000000000003,15533.927898366483,-29.126443798703384,61.7255869523251,61.725586953671154,-1.3460521586239338e-09
4.720000000000003,15533.353628628998,-29.23947668283356,62.36460455883207,62.36460456021814,-1.3860699255019426e-09
4.760000000000003,15532.778238591718,-29.35230849525695,63.00508272539446,63.00508272665684,-1.2623786460608244e-09
4.800000000000003,15532.201732803578,-29.464993401613878,63.64702651164407,63.647026513022865,-1.3787939678877592e-09
4.840000000000003,15531.624118013806,-29.57758398246778,64.29043986813849,64.29043986951001,-1.3715180102735758e-09
4.8800000000000034,15531.045403101556,-29.690130818098332,64.93532555926504,64.93532556057471,-1.3096723705530167e-09
4.9200000000000035,15530.465598987048,-29.802682099968486,65.58168510050382,65.5816851017371,-1.2332748156040907e-09
4.9600000000000035,15529.88471852424,-29.915283271275833,66.22951870817997,66.22951870949692,-1.3169483281672e-09
5.0000000000000036,15529.302776379669,-30.027976698775365,66.8788252627237,66.87882526405883,-1.3351382222026587e-09
5.040000000000004,15528.71978889657,-30.140801377807872,67.5296022845796,67.52960228595475,-1.3751559890806675e-09
5.080000000000004,15528.1357739448,-30.25379267220124,68.18184592339458,68.18184592468242,-1.2878444977104664e-09
5.120000000000004,15527.550750761107,-30.3669820904201,68.83555095977499,68.83555096107011,-1.2951204553246498e-09
5.160000000000004,15526.964739781395,-30.480397099028618,69.49071081999864,69.49071082130831,-1.3096723705530167e-09
5.200000000000004,15526.377762463108,-30.594060974207142,70.14731760176073,70.14731760300128,-1.2405507732182741e-09
5.240000000000004,15525.789841102893,-30.70799269173423,70.80536211207436,70.80536211331855,-1.2441887520253658e-09
5.280000000000004,15525.200998652537,-30.822206855500866,71.46483391544098,71.464833916707,-1.2660166248679161e-09
5.320000000000004,15524.61125853028,-30.936713664288657,72.1257213923709,72.12572139376789,-1.3969838619232178e-09
5.360000000000004,15524.020644434724,-31.05151891620771,72.78801180725713,72.78801180850132,-1.2441887520253658e-09
5.400000000000004,15523.42918015805,-31.166624049866407,73.4516913833977,73.45169138471465,-1.3169483281672e-09
5.440000000000004,15522.836889406552,-31.28202622103587,74.11674538800071,74.11674538928855,-1.2878444977104664e-09
5.480000000000004,15522.243795622038,-31.397718413280895,74.78315822138393,74.78315822270451,-1.3205863069742918e-09
5.520000000000004,15521.649921814002,-31.513689580766332,75.45091351323208,75.45091351450537,-1.2732925824820995e-09
5.560000000000004,15521.055290396796,-31.629924821205254,76.11999422315057,76.11999422436566,-1.2150849215686321e-09
5.600000000000004,15520.459923037575,-31.74640557670655,76.79038274496997,76.7903827462178,-1.2478267308324575e-09
5.640000000000004,15519.863840515029,-31.863109860102117,77.46206101419375,77.46206101546704,-1.2732925824820995e-09
5.680000000000004,15519.267062589368,-31.980012504190213,78.13501061628267,78.1350106175305,-1.2478267308324575e-09
5.720000000000004,15518.669607883203,-32.097085431211724,78.80921289725302,78.80921289854814,-1.2951204553246498e-09
5.760000000000004,15518.07149377682,-32.21429793980576,79.48464907307425,79.48464907414746,-1.0732037480920553e-09
5.800000000000004,15517.472736316726,-32.33161700663795,80.16130033803347,80.16130033933223,-1.2987584341317415e-09
5.840000000000004,15516.873350136864,-32.44900759987296,80.83914797343823,80.8391479747479,-1.3096723705530167e-09
5.880000000000004,15516.273348394307,-32.56643300168221,81.5181734503276,81.51817345161908,-1.291482476517558e-09
5.920000000000004,15515.672742719125,-32.683855137004855,82.19835853189943,82.19835853299082,-1.0913936421275139e-09
5.960000000000004,15515.071543177673,-32.8012349058412,82.87968536998233,82.87968537114284,-1.1605152394622564e-09
6.000000000000004,15514.46975824995,-32.91853251643924,83.5621365985462,83.56213659965942,-1.1132215149700642e-09
6.0400000000000045,15513.867394820874,-33.035707816827234,84.24569541973688,84.2456954209556,-1.2187229003757238e-09
6.0800000000000045,15513.264458182135,-33.152720622255906,84.93034568665826,84.93034568783696,-1.178705133497715e-09
6.1200000000000045,15512.66095205145,-33.26953103623838,85.6160719769905,85.61607197828926,-1.2987584341317415e-09
6.160000000000005,15512.056878598112,-33.3860997630028,86.30285966305382,86.30285966418887,-1.1350493878126144e-09
6.200000000000005,15511.45223848466,-33.502388409315515,86.99069497148594,86.99069497274104,-1.255102688446641e-09
6.240000000000005,15510.847030917233,-33.61835977377049,87.67956503874302,87.67956503993264,-1.1896190699189901e-09
6.280000000000005,15510.2412537061,-33.73397812179054,88.36945795615247,88.36945795738211,-1.229636836796999e-09
6.320000000000005,15509.634903336782,-33.8492094447297,89.06036280934859,89.06036281057823,-1.229636836796999e-09
6.360000000000005,15509.027975047175,-33.964021701620545,89.75226970779477,89.75226970904987,-1.255102688446641e-09
6.400000000000005,15508.420462915803,-34.07838504225163,90.44516980884146,90.4451698099765,-1.1350493878126144e-09
6.440000000000005,15507.812359954814,-34.19227201041571,91.13905532999706,91.13905533127763,-1.280568540096283e-09
6.480000000000005,15507.203658209712,-34.305657726310635,91.83391955777915,91.83391955892512,-1.1459633242338896e-09
6.520000000000005,15506.59434886373,-34.41852004722821,92.5297568442511,92.52975684550256,-1.2514647096395493e-09
6.560000000000005,15505.984422348163,-34.530839705804766,93.22656259962241,93.22656260066287,-1.04046193882823e-09
6.600000000000005,15505.373868454324,-34.6426004252622,93.92433327337858,93.92433327474646,-1.367880031466484e-09
6.640000000000005,15504.76267644921,-34.753789011202855,94.62306633298431,94.62306633422122,-1.2369127944111824e-09
6.680000000000005,15504.150835193544,-34.8643954196804,95.32276023009399,95.32276023125087,-1.1568772606551647e-09
6.720000000000005,15503.53833325811,-34.974412801398245,96.02341436423012,96.0234143653579,-1.127773430198431e-09
6.760000000000005,15502.925159043936,-35.08383752204936,96.72502903808345,96.72502903931672,-1.2332748156040907e-09
6.800000000000005,15502.311300898726,-35.192669158941285,97.42760540816016,97.42760540931704,-1.1568772606551647e-09
6.840000000000005,15501.696747232112,-35.30091047421002,98.13114542840776,98.13114542951007,-1.102307578548789e-09
6.880000000000005,15501.081486629599,-35.40856736505965,98.83565179021025,98.83565179130892,-1.0986695997416973e-09
6.920000000000005,15500.465507962595,-35.51564879161676,99.54112785743928,99.54112785863617,-1.1968950275331736e-09
6.960000000000005,15499.848800493219,-35.62216668312922,100.2475775974126,100.24757759868953,-1.2769305612891912e-09
7.000000000000005,15499.231353978037,-35.72813582337769,100.95500550880752,100.95500550994257,-1.1350493878126144e-09
7.040000000000005,15498.613158761485,-35.83357371630609,101.66341654617645,101.66341654742791,-1.2514647096395493e-09
7.080000000000005,15497.994205867095,-35.9385004330147,102.37281604338932,102.37281604458258,-1.1932570487260818e-09
7.120000000000005,15497.37448708076,-36.04293844137826,103.08320963412189,103.0832096353879,-1.2660166248679161e-09
7.1600000000000055,15496.753995025125,-36.14691241967843,103.79460317223857,103.79460317353005,-1.291482476517558e-09
7.2000000000000055,15496.132723230152,-36.25044905575377,104.5070026518697,104.50700265303385,-1.1641532182693481e-09
7.2400000000000055,15495.510666191705,-36.35357683326119,105.22041412621547,105.22041412741237,-1.1968950275331736e-09
7.280000000000006,15494.887819423686,-36.45632580675502,105.93484362967865,105.93484363098833,-1.3096723705530167e-09
7.320000000000006,15494.264179501415,-36.5587273673493,106.65029709946975,106.65029710074668,-1.2769305612891912e-09
7.360000000000006,15493.639744094953,-36.66081400080841,107.36678029901668,107.36678030013354,-1.1168594937771559e-09
7.400000000000006,15493.014511994055,-36.76261903995989,108.08429874535796,108.08429874649664,-1.1386873666197062e-09
7.440000000000006,15492.3884831234,-36.8641764133598,108.80285763830398,108.80285763943175,-1.127773430198431e-09
7.480000000000006,15491.761658549476,-36.96552039216029,109.52246179370559,109.52246179496069,-1.255102688446641e-09
7.520000000000006,15491.134040476794,-37.066685337139546,110.24311558044064,110.24311558165573,-1.2150849215686321e-09
7.560000000000006,15490.50563223658,-37.16770544783226,110.96482286123864,110.96482286242463,-1.1859810911118984e-09
7.600000000000006,15489.87643826599,-37.268614515678685,111.68758693959899,111.68758694074859,-1.1496013030409813e-09
7.640000000000006,15489.246464077838,-37.3694456830548,112.41141051017985,112.41141051133673,-1.1568772606551647e-09
7.680000000000006,15488.615716224336,-37.47023120998817,113.13629561578273,113.13629561694324,-1.1605152394622564e-09
7.720000000000006,15487.98420225092,-37.571002250283435,113.86224360923006,113.86224361051063,-1.280568540096283e-09
7.760000000000006,15487.351930644481,-37.671788638682315,114.58925512197311,114.58925512302085,-1.0477378964424133e-09
7.800000000000006,15486.718910772992,-37.772618690579506,115.31733003657064,115.31733003760382,-1.0331859812140465e-09
7.840000000000006,15486.085152822337,-37.87351901568758,116.0464674679497,116.04646746901199,-1.0622898116707802e-09
7.880000000000006,15485.450667722445,-37.974514346914916,116.77666574892646,116.77666575008698,-1.1605152394622564e-09
7.920000000000006,15484.815467073911,-38.07562738557272,117.50792242267198,117.50792242377065,-1.0986695997416973e-09
7.960000000000006,15484.179563067451,-38.17687866387482,118.24023423962353,118.24023424080951,-1.1859810911118984e-09
8.000000000000005,15483.542968401194,-38.27828642553735,118.97359716391657,118.97359716508436,-1.1677911970764399e-09
8.040000000000004,15482.905696194348,-38.379866525117876,119.70800638101719,119.70800638224318,-1.2259988579899073e-09
8.080000000000004,15482.267759899085,-38.48163234656698,120.44345631518445,120.44345631630495,-1.1204974725842476e-09
8.120000000000003,15481.62917321285,-38.583594741300715,121.17994064940285,121.17994065049061,-1.0877556633204222e-09
8.160000000000002,15480.989949987741,-38.685761985927755,121.91745235208145,121.91745235322742,-1.1459633242338896e-09
8.200000000000001,15480.350104142799,-38.78813975961132,122.65598370824955,122.65598370950829,-1.2587406672537327e-09
8.24,15479.709649574583,-38.890731140869725,123.39552635558721,123.395526356755,-1.1677911970764399e-09
8.28,15479.068600072318,-38.993536623482704,124.13607132350808,124.13607132463949,-1.1314114090055227e-09
8.319999999999999,15478.426969233049,-39.09655415100914,124.87760907786287,124.87760907910342,-1.2405507732182741e-09
8.359999999999998,15477.78477038126,-39.199779169291475,125.62012956797844,125.62012956924809,-1.2696546036750078e-09
8.399999999999997,15477.142016490627,-39.30320469618692,126.36362227680729,126.36362227813879,-1.331500243395567e-09
8.439999999999996,15476.498720111163,-39.40682140765405,127.10807627435133,127.10807627570466,-1.3533281162381172e-09
8.479999999999995,15475.854893300657,-39.51061773920964,127.85348027276268,127.85348027388682,-1.1241354513913393e-09
8.519999999999994,15475.210547559607,-39.614580001682235,128.59982268272506,128.59982268385284,-1.127773430198431e-09
8.559999999999993,15474.56569377454,-39.718692510099046,129.34709167300753,129.34709167406254,-1.0550138540565968e-09
8.599999999999993,15473.920342162592,-39.82293772448159,130.0952752287485,130.09527522993085,-1.1823431123048067e-09
8.639999999999992,15473.274502227418,-39.92729640125997,130.84436121206818,130.84436121318504,-1.1168594937771559e-09
8.67999999999999,15472.628182714776,-40.031747753978195,131.59433742106194,131.59433742211695,-1.0550138540565968e-09
8.71999999999999,15471.981391580803,-40.136269621927966,132.34519164958692,132.34519165070742,-1.1204974725842476e-09
8.75999999999999,15471.33413596226,-40.24083864532532,133.0969117462555,133.09691174736145,-1.1059455573558807e-09
8.799999999999988,15470.686422154895,-40.345430445643544,133.8494856715988,133.84948567278116,-1.1823431123048067e-09
8.839999999999987,15470.038255597428,-40.45001980971511,134.60290155438634,134.60290155556504,-1.178705133497715e-09
8.879999999999987,15469.389640863224,-40.554580876224186,135.3571477455007,135.35714774670487,-1.204170985147357e-09
8.919999999999986,15468.740581657305,-40.659087323241735,136.11221287014632,136.112212871285,-1.1386873666197062e-09
8.959999999999985,15468.091080818298,-40.76351255548712,136.86808587751875,136.86808587856285,-1.0440999176353216e-09
8.999999999999984,15467.441140328578,-40.86782989003198,137.6247560867887,137.62475608793466,-1.1459633242338896e-09
9.039999999999983,15466.790761328662,-40.97201273922283,138.38221323183825,138.38221323293692,-1.0986695997416973e-09
9.079999999999982,15466.139944137478,-41.076034789644545,139.140447500733,139.14044750200264,-1.2696546036750078e-09
9.119999999999981,15465.488688278214,-41.179870176009715,139.89944957355692,139.89944957458283,-1.025910023599863e-09
9.15999999999998,15464.836992506818,-41.283493648933685,140.6592106543867,140.65921065553994,-1.153239281848073e-09
9.19999999999998,15464.184854849034,-41.38688073560886,141.41972250257095,141.41972250362232,-1.051375875249505e-09
9.239999999999979,15463.532272638295,-41.49000789248604,142.1809774569192,142.18097745787964,-9.604264050722122e-10
9.279999999999978,15462.879242556886,-41.59285264913244,142.94296845767167,142.94296845883218,-1.1605152394622564e-09
9.319999999999977,15462.225760684722,-41.695393742528196,143.70568906471817,143.7056890658714,-1.153239281848073e-09
9.359999999999976,15461.57182254686,-41.79761124113608,144.46913347024747,144.46913347128066,-1.0331859812140465e-09
9.399999999999975,15460.917423165667,-41.8994866581694,145.23329650804953,145.23329650916276,-1.1132215149700642e-09
9.439999999999975,15460.262557113972,-42.001003053565746,145.99817365984563,145.9981736608388,-9.931682143360376e-10
9.479999999999974,15459.607218571988,-42.102145124254136,146.7637610543934,146.7637610554848,-1.0913936421275139e-09
9.519999999999973,15458.951401383454,-42.20289928239577,147.53005546730492,147.53005546827626,-9.713403414934874e-10
9.559999999999972,15458.295099114508,-42.30325372135214,148.29705431191906,148.2970543130723,-1.153239281848073e-09
9.599999999999971,15457.638305111079,-42.403198469228116,149.06475563076674,149.06475563186177,-1.0950316209346056e-09
9.63999999999997,15456.98101255958,-42.502725429905944,149.8331580796439,149.8331580805716,-9.276845958083868e-10
9.67999999999997,15456.323214543812,-42.60182841157496,150.60226091094592,150.6022609120373,-1.0913936421275139e-09
9.719999999999969,15455.664904104264,-42.700503142833355,151.3720639531275,151.37206395412431,-9.968061931431293e-10
9.759999999999968,15455.006074294006,-42.79874727651588,152.14256758520787,152.14256758617194,-9.64064383879304e-10
9.799999999999967,15454.346718236553,-42.89656038146418,152.91377271068268,152.91377271165766,-9.74978320300579e-10
9.839999999999966,15453.686829178412,-42.99394392253904,153.6856807273798,153.68568072838752,-1.0077201295644045e-09
9.879999999999965,15453.026400542065,-43.09090122922262,154.45829349508494,154.45829349596534,-8.803908713161945e-10
9.919999999999964,15452.365425977308,-43.18743745323071,155.23161330098083,155.231613302014,-1.0331859812140465e-09
9.959999999999964,15451.703899407714,-43.28355951560642,156.0056428231146,156.00564282422056,-1.1059455573558807e-09
9.999999999999963,15451.041815075805,-43.3792760438237,156.7803850923301,156.78038509324324,-9.1313268058002e-10
10.039999999999962,15450.379167587167,-43.474597299469465,157.55584345130046,157.55584345231546,-1.014996087178588e-09
10.079999999999961,15449.71595194757,-43.56953509713261,158.33202151509613,158.33202151606383,-9.677023626863956e-10
10.11999999999996,15449.052163599867,-43.664102715148374,159.10892312775104,159.10892312883152,-1.0804797057062387e-09
10.15999999999996,15448.387798456228,-43.758314798896905,159.88655232041128,159.886552321419,-1.0077201295644045e-09
10.199999999999958,15447.72285292729,-43.852187257380606,160.6649132675375,160.66491326855976,-1.0222720447927713e-09
10.239999999999958,15447.05732394736,-43.94573715382466,161.4440102444023,161.4440102454355,-1.0331859812140465e-09
10.279999999999957,15446.391208995768,-44.038982591071544,162.2238475829654,162.22384758408225,-1.1168594937771559e-09
10.319999999999956,15445.724506114491,-44.13194259255844,163.00442963002206,163.004429631088,-1.0659277904778719e-09
10.359999999999955,15445.057213922511,-44.22463697966394,163.78576070428608,163.78576070515192,-8.658389560878277e-10
10.399999999999954,15444.389331625993,-44.317086246235014,164.567845054622,164.5678450557025,-1.0804797057062387e-09
10.439999999999953,15443.720859023042,-44.40931143108592,165.3506868213699,165.35068682241763,-1.0477378964424133e-09
10.479999999999952,15443.051796508782,-44.50133398927541,166.1342899959891,166.1342899970805,-1.0913936421275139e-09
10.519999999999952,15442.382145071926,-44.5931756629443,166.91865838367812,166.91865838458034,-9.022187441587448e-10
10.55999999999995,15441.711906289698,-44.684858352493315,167.7037955681517,167.70379556911575,-9.64064383879304e-10
10.59999999999995,15441.041082321157,-44.77640398885395,168.48970487737097,168.48970487830593,-9.349605534225702e-10
10.639999999999949,15440.369675894304,-44.8678344075972,169.2763893522715,169.27638935325012,-9.786162991076708e-10
10.679999999999948,15439.69769029115,-44.95917122557907,170.06385171622605,170.06385171727743,-1.051375875249505e-09
10.719999999999947,15439.025129328105,-45.05043572081094,170.8520943486801,170.8520943497424,-1.0622898116707802e-09
10.759999999999946,15438.351997337153,-45.141648716201274,171.64111925999896,171.64111926096302,-9.64064383879304e-10
10.799999999999946,15437.67829913994,-45.23283046777201,172.43092806885033,172.43092806987624,-1.025910023599863e-09
10.839999999999945,15437.004040021427,-45.32400055793224,173.2215219830432,173.22152198407275,-1.0295480024069548e-09
10.879999999999944,15436.329225701504,-45.41517779432569,174.01290178277486,174.01290178373893,-9.64064383879304e-10
10.919999999999943,15435.653862303794,-45.50638011474694,174.8050678058753,174.80506780692303,-1.0477378964424133e-09
10.959999999999942,15434.977956322173,-45.597624498554055,175.5980199369842,175.59801993815563,-1.1714291758835316e-09
10.999999999999941,15434.301514586328,-45.68892688497723,176.39175759929276,176.3917576001877,-8.949427865445614e-10
11.03999999999994,15433.624544225815,-45.78030209865394,177.18627974735136,177.18627974839546,-1.0440999176353216e-09
11.07999999999994,15432.94705263227,-45.871763782686365,177.98158486633838,177.98158486730244,-9.64064383879304e-10
11.119999999999939,15432.269047422502,-45.963324339457465,178.77767096981916,178.77767097091055,-1.0913936421275139e-09
11.159999999999938,15431.590536397083,-46.05499487939253,179.5745356039224,179.57453560488648,-9.64064383879304e-10
11.199999999999937,15430.911527503384,-46.14678517780219,180.37217585107646,180.37217585212056,-1.0440999176353216e-09
11.239999999999936,15430.232028795066,-46.23870363989477,181.17058833915507,181.17058834012641,-9.713403414934874e-10
11.279999999999935,15429.55204839219,-46.33075727398853,181.9697692505033,181.96976925139825,-8.949427865445614e-10
11.319999999999935,15428.87159444256,-46.42295167291618,182.76971433530707,182.76971433615472,-8.476490620523691e-10
11.359999999999934,15428.190675082582,-46.515291003558374,183.57041892583948,183.57041892689085,-1.051375875249505e-09
11.399999999999933,15427.50929839954,-46.60777800439934,184.37187795449063,184.3718779556184,-1.127773430198431e-09
11.439999999999932,15426.82747239489,-46.700413990956626,185.17408597179383,185.17408597276153,-9.677023626863956e-10
11.479999999999931,15426.145204946748,-46.7931988688955,185.9770371674058,185.97703716841716,-1.0113581083714962e-09
11.51999999999993,15425.462503776824,-46.88613115459145,186.78072539320783,186.7807253942483,-1.04046193882823e-09
11.55999999999993,15424.779376417038,-46.97920800288326,187.58514418759296,187.5851441884879,-8.949427865445614e-10
11.599999999999929,15424.095830176719,-47.07242524170855,188.39028679975672,188.3902868006262,-8.694769348949194e-10
11.639999999999928,15423.411872114913,-47.165777413295075,189.19614621825167,189.1961462191175,-8.658389560878277e-10
11.679999999999927,15422.72750901005,-47.25925782154717,190.0027151977738,190.00271519870148,-9.276845958083868e-10
11.719999999999926,15422.042747336282,-47.35285858524542,190.80998628851012,190.8099862892559,-7.457856554538012e-10
11.759999999999925,15421.357593239494,-47.446570696647946,191.61795186512973,191.6179518660756,-9.458744898438454e-10
11.799999999999924,15420.672052514274,-47.54038408508182,192.42660415768114,192.42660415868886,-1.0077201295644045e-09
11.839999999999923,15419.986130586618,-47.63428768506522,193.23593528182028,193.23593528263518,-8.149072527885437e-10
11.879999999999923,15419.299832495968,-47.728269508530204,194.04593726883104,194.04593726978055,-9.49512468650937e-10
11.919999999999922,15418.6131628813,-47.82231672066461,194.85660209816342,194.85660209902198,-8.585629984736443e-10
11.959999999999921,15417.926125968817,-47.91641571891806,195.66792172636997,195.66792172728674,-9.167706593871117e-10
11.99999999999992,15417.238725562758,-48.010552214689206,196.47988811922187,196.47988812022595,-1.0040821507573128e-09
12.03999999999992,15416.550965036653,-48.10471131723016,197.29249328079823,197.29249328162769,-8.294591680169106e-10
12.079999999999918,15415.86284733113,-48.198877619286954,198.1057292834994,198.1057292842779,-7.785274647176266e-10
12.119999999999918,15415.174374948925,-48.29303528401479,198.9195882971435,198.9195882980348,-8.913048077374697e-10
12.159999999999917,15414.485549956478,-48.387168132701554,199.73406261680066,199.73406261771015,-9.094947017729282e-10
12.199999999999916,15413.796373984147,-48.481259732845565,200.5491446905653,200.54914469129653,-7.312337402254343e-10
12.239999999999915,15413.106848232448,-48.57529348614906,201.36482714446902,201.3648271452039,-7.34871719032526e-10
12.279999999999914,15412.416973477882,-48.66925271598986,202.1811028088232,202.1811028096563,-8.330971468240023e-10
12.319999999999913,15411.726750080174,-48.76312075395704,202.99796474142568,202.99796474227333,-8.476490620523691e-10
12.359999999999912,15411.036177994527,-48.85688102504986,203.81540624962872,203.8154062505273,-8.985807653516531e-10
12.399999999999912,15410.345256782733,-48.95051713115098,204.63342091142476,204.63342091220693,-7.821654435247183e-10
12.43999999999991,15409.653985627605,-49.04401293240977,205.45200259473495,205.45200259553894,-8.039933163672686e-10
12.47999999999991,15408.962363349447,-49.13735262618612,206.27114547527162,206.27114547617384,-9.022187441587448e-10
12.519999999999909,15408.270388421084,-49.23052082322553,207.0908440526182,207.0908440534513,-8.330971468240023e-10
12.559999999999908,15407.578058988378,-49.32350262075974,207.91109316435904,207.91109316533039,-9.713403414934874e-10
12.599999999999907,15406.88537289007,-49.41628367224489,208.7318879989507,208.73188799973286,-7.821654435247183e-10
12.639999999999906,15406.192327678458,-49.50885025347007,209.5532241058172,209.55322410673398,-9.167706593871117e-10
12.679999999999906,15405.49892064072,-49.601189324799115,210.37509740568203,210.37509740657333,-8.913048077374697e-10
12.719999999999905,15404.805148823561,-49.693288589322016,211.1975041960177,211.19750419699994,-9.822542779147625e-10
12.759999999999904,15404.111009056565,-49.78513654671576,212.02044115794342,212.02044115862736,-6.83940015733242e-10
12.799999999999903,15403.416497975828,-49.87672254264625,212.8439053576767,212.8439053584989,-8.221832104027271e-10
12.839999999999902,15402.72161204994,-49.96803681355256,213.66789425054594,213.66789425114257,-5.966285243630409e-10
12.879999999999901,15402.026347605264,-50.05907052668813,214.49240567828383,214.49240567903325,-7.494236342608929e-10
12.9199999999999,15401.330700851688,-50.14981581530907,215.31743786885272,215.3174378697222,-8.694769348949194e-10
12.9599999999999,15400.634667909142,-50.24026580892813,216.1429894315479,216.1429894324865,-9.38598532229662e-10
12.999999999999899,15399.93824483178,-50.33041465856578,216.96905935193718,216.96905935275208,-8.149072527885437e-10
13.039999999999898,15399.241427635827,-50.420257556963705,217.79564698360264,217.79564698448667,-8.840288501232862e-10
13.079999999999897,15398.544212323983,-50.50979075373526,218.62275204091566,218.62275204179605,-8.803908713161945e-10
13.119999999999896,15397.846594912335,-50.59901156545951,219.45037458715888,219.4503745880902,-9.313225746154785e-10
13.159999999999895,15397.148571453761,-50.68791838073383,220.27851502305566,220.2785150239033,-8.476490620523691e-10
13.199999999999894,15396.450138062793,-50.776510660232695,221.1071740734078,221.10717407409174,-6.83940015733242e-10
13.239999999999894,15395.751290940338,-50.86478893183224,221.9363527716123,221.93635277250723,-8.949427865445614e-10
13.279999999999893,15395.052026396243,-50.952754780876845,222.76605244515667,222.76605244601888,-8.62200977280736e-10
13.319999999999892,15394.35234087122,-51.0404108356948,223.59627469644693,223.59627469735278,-9.058567229658365e-10
13.359999999999891,15393.652230959122,-51.127760748470195,224.42702138589084,224.42702138660388,-7.130438461899757e-10
13.39999999999989,15392.951693426548,-51.214809171612806,225.25829461120884,225.25829461215835,-9.49512468650937e-10
13.43999999999989,15392.250725232865,-51.301561729774654,226.09009668901126,226.09009668985163,-8.403731044381857e-10
13.479999999999889,15391.54932354855,-51.388024987673035,226.92243013129337,226.9224301322356,-9.422365110367537e-10
13.519999999999888,15390.84748577217,-51.474206413916555,227.75529762604128,227.75529762696897,-9.276845958083868e-10
13.559999999999887,15390.145209545393,-51.56011434101403,228.58870201286481,228.58870201360696,-7.421476766467094e-10
13.599999999999886,15389.442492768565,-51.64575792179013,229.42264626140604,229.4226462620718,-6.657501216977835e-10
13.639999999999885,15388.7393336131,-51.73114708242227,230.25713344711403,230.25713344801625,-9.022187441587448e-10
13.679999999999884,15388.035730533435,-51.816292472339626,231.09216672917682,231.09216672993716,-7.60337570682168e-10
13.719999999999883,15387.33168227748,-51.90120541122572,231.92774932481188,231.92774932558677,-7.748894859105349e-10
13.759999999999883,15386.627187895532,-51.98589783338691,232.76388448704165,232.7638844879475,-9.058567229658365e-10
13.799999999999882,15385.922246745542,-52.070382229749534,233.60057548083205,233.60057548164332,-8.11269273981452e-10
13.83999999999988,15385.216858502072,-52.15467158775956,234.43782555854705,234.43782555930738,-7.60337570682168e-10
13.87999999999988,15384.51102315778,-52.23877932946901,235.2756379379498,235.27563793861918,-6.693881005048752e-10
13.91999999999988,15383.804741026875,-52.32271924809528,236.11401577854122,236.1140157793743,-8.330971468240023e-10
13.959999999999878,15383.098012746752,-52.40650544334478,236.95296215974304,236.95296216052157,-7.785274647176266e-10
13.999999999999877,15382.390839276393,-52.490152255800005,237.79248005854606,237.7924800593646,-8.185452315956354e-10
14.039999999999877,15381.683221894556,-52.57367420066787,238.63257232889373,238.63257232955948,-6.657501216977835e-10
14.079999999999876,15380.975162197134,-52.65708590118498,239.4732416803672,239.4732416809711,-6.039044819772243e-10
14.119999999999875,15380.26666209125,-52.74040202199089,240.31449065998095,240.31449066056666,-5.857145879417658e-10
14.159999999999874,15379.557723788232,-52.82363720275454,241.156321632443,241.15632163313785,-6.948539521545172e-10
14.199999999999873,15378.848349796364,-52.906805992360106,241.99873676344941,241.99873676420248,-7.530616130679846e-10
14.239999999999872,15378.13854291266,-52.98992278394292,242.84173800264034,242.8417380034698,-8.294591680169106e-10
14.279999999999871,15377.428306210102,-53.073001751055585,243.68532706839324,243.68532706902988,-6.366462912410498e-10
14.31999999999987,15376.717643027685,-53.15605678525601,244.52950543307816,244.52950543379848,-7.203198038041592e-10
14.35999999999987,15376.006556955075,-53.239101435380206,245.37427431139804,245.37427431216565,-7.676135282963514e-10
14.399999999999869,15375.29505182208,-53.322148848769736,246.21963464796136,246.219634648809,-8.476490620523691e-10
14.439999999999868,15374.583131680156,-53.40521171470444,247.0655871072122,247.0655871079107,-6.984919309616089e-10
14.479999999999867,15373.870800787474,-53.48830221028208,247.91213206423708,247.91213206494285,-7.057678885757923e-10
14.519999999999866,15373.158063591709,-53.57143194897704,248.75926959805656,248.75926959873686,-6.803020369261503e-10
14.559999999999865,15372.444924713767,-53.65461193209024,249.60699948500405,249.6069994857171,-7.130438461899757e-10
14.599999999999865,15371.731388927206,-53.73785250329297,250.45532119469863,250.45532119532436,-6.257323548197746e-10
14.639999999999864,15371.01746114018,-53.82116330645231,251.30423388601412,251.30423388683994,-8.258211892098188e-10
14.679999999999863,15370.303146375747,-53.904553246901045,252.1537364069227,252.15373640761027,-6.875779945403337e-10
14.719999999999862,15369.588449751718,-53.98803045631254,253.00382729274497,253.00382729337434,-6.293703336268663e-10
14.759999999999861,15368.873376461266,-54.071602261307476,253.8545047681,253.85450476902406,-9.240466170012951e-10
14.79999999999986,15368.157931751264,-54.15527515590966,254.70576675037591,254.7057667511508,-7.748894859105349e-10
14.83999999999986,15367.442120902428,-54.239054777954436,255.5576108520945,255.55761085294216,-8.476490620523691e-10
14.879999999999859,15366.725949208987,-54.32294588951497,256.4100343877035,256.4100343885402,-8.36735125631094e-10
14.919999999999858,15366.009421957911,-54.40695236141898,257.2630343797209,257.26303438044124,-7.203198038041592e-10
14.959999999999857,15365.292544408327,-54.491077161882465,258.11660756694255,258.1166075675319,-5.893525667488575e-10
14.999999999999856,15364.575321772372,-54.57532234928803,258.9707504136095,258.97075041432254,-7.130438461899757e-10
15.039999999999855,15363.85775919451,-54.65968906910439,259.8254591205259,259.8254591211771,-6.511982064694166e-10
15.079999999999854,15363.13986173395,-54.74417755492772,260.68072963552913,260.6807296360457,-5.165929906070232e-10
15.119999999999854,15362.421634345681,-54.82878713360526,261.53655766668817,261.53655766732845,-6.402842700481415e-10
15.159999999999853,15361.703081860696,-54.9135162343868,262.39293869672474,262.39293869747416,-7.494236342608929e-10
15.199999999999852,15360.984208972794,-54.99836240202784,263.2498679963137,263.2498679970704,-7.566995918750763e-10
15.239999999999851,15360.265020217852,-55.083322313749335,264.1073406403957,264.1073406410869,-6.912159733474255e-10
15.27999999999985,15359.545519961444,-55.16839179994715,264.96535152399156,264.96535152448996,-4.984030965715647e-10
15.31999999999985,15358.825712383043,-55.253565868525264,265.82389537911877,265.8238953796317,-5.129550117999315e-10
15.359999999999848,15358.105601462998,-55.33883873270809,266.68296679268315,266.6829667934362,-7.530616130679846e-10
15.399999999999848,15357.38519096977,-55.42420384218145,267.5425602250143,267.5425602256655,-6.511982064694166e-10
15.439999999999847,15356.664484447907,-55.50965391738918,268.40267002673863,268.40267002741894,-6.803020369261503e-10
15.479999999999846,15355.94348520935,-55.59518098680335,269.26329045930834,269.26329046000683,-6.984919309616089e-10
15.519999999999845,15355.222196322138,-55.68077642697873,270.12441571375166,270.124415714552,-8.003553375601768e-10
15.559999999999844,15354.500620605597,-55.76643100518336,270.98603993022334,270.9860399308054,-5.820766091346741e-10
15.599999999999843,15353.77876062,-55.85213492439341,271.8481572161654,271.84815721693303,-7.676135282963514e-10
15.639999999999842,15353.056618662724,-55.9378778704358,272.71076166836065,272.71076166918647,-8.258211892098188e-10
15.679999999999842,15352.334196765132,-56.02364906104001,273.57384739049667,273.57384739102054,-5.238689482212067e-10
15.71999999999984,15351.611496688185,-56.10943729657749,274.4374085126474,274.4374085132622,-6.148184183984995e-10
15.75999999999984,15350.8885199202,-56.1952310122372,275.30143921120543,275.30143921188574,-6.803020369261503e-10
15.799999999999839,15350.165267678252,-56.28101833140707,276.16593372740317,276.16593372815623,-7.530616130679846e-10
15.839999999999838,15349.441740906766,-56.36678712000631,277.030886385568,277.0308863860955,-5.275069270282984e-10
15.879999999999837,15348.717940280729,-56.45252504152704,277.8962916110504,277.89629161151606,-4.656612873077393e-10
15.919999999999837,15347.993866208011,-56.538219612540324,278.7621439475042,278.762143948039,-5.347828846424818e-10
15.959999999999836,15347.269518833553,-56.62385825841767,279.628438075084,279.628438075546,-4.6202330850064754e-10
15.999999999999835,15346.544898046006,-56.70942836902488,280.4951688245492,280.4951688250694,-5.20230969414115e-10
16.039999999999836,15345.820003481624,-56.79491735415201,281.36233119442477,281.3623311948504,-4.256435204297304e-10
16.079999999999835,15345.094834534244,-56.880312698438125,282.22992036458527,282.22992036516007,-5.748006515204906e-10
16.119999999999834,15344.369390361595,-56.96560201556192,283.0979317113779,283.0979317118654,-4.874891601502895e-10
16.159999999999833,15343.643669895622,-57.05077310147198,283.9663608187984,283.9663608192204,-4.220055416226387e-10
16.199999999999832,15342.917671852909,-57.135813986438954,284.8352034918207,284.8352034922791,-4.5838532969355583e-10
16.23999999999983,15342.191394745012,-57.220712985717064,285.7044557669833,285.7044557676709,-6.875779945403337e-10
16.27999999999983,15341.464836891055,-57.30545874861384,286.57411392297945,286.5741139236088,-6.293703336268663e-10
16.31999999999983,15340.737996428941,-57.39004030577155,287.4441744882497,287.4441744887663,-5.165929906070232e-10
16.35999999999983,15340.01087132984,-57.47444711448145,288.3146342498585,288.31463425038237,-5.238689482212067e-10
16.399999999999828,15339.283459410923,-57.5586691018527,289.18549026034816,289.18549026084656,-4.984030965715647e-10
16.439999999999827,15338.55575835084,-57.64269670567281,290.05673984249734,290.056739842963,-4.656612873077393e-10
16.479999999999826,15337.827765702228,-57.72652091281581,290.9283805948362,290.92838059526184,-4.256435204297304e-10
16.519999999999825,15337.099478909557,-57.81013329504967,291.80041039399293,291.80041039451316,-5.20230969414115e-10
16.559999999999825,15336.370895321075,-57.89352604212135,292.6728273976987,292.67282739813163,-4.3291947804391384e-10
16.599999999999824,15335.642012208678,-57.97669199200597,293.54563004494776,293.545630045548,-6.002665031701326e-10
16.639999999999823,15334.912826779933,-58.05962465821487,294.41881705701235,294.4188170573798,-3.67435859516263e-10
16.679999999999822,15334.183336195485,-58.14231825407796,295.29238743423775,295.29238743474343,-5.056790541857481e-10
16.71999999999982,15333.453537585134,-58.224767713924436,296.1663404561441,296.1663404566534,-5.093170329928398e-10
16.75999999999982,15332.723428063386,-58.30696871110094,297.04067567547827,297.0406756759148,-4.3655745685100555e-10
16.79999999999982,15331.993004745187,-58.38891767277876,297.91539291519075,297.91539291568915,-4.984030965715647e-10
16.83999999999982,15331.262264761883,-58.47061179151682,298.7904922620037,298.7904922624148,-4.1109160520136356e-10
16.879999999999818,15330.531205276224,-58.552049033561524,299.66597405996436,299.6659740603827,-4.18367562815547e-10
16.919999999999817,15329.79982349713,-58.63322814387244,300.54183890249624,300.5418389028018,-3.055902197957039e-10
16.959999999999816,15329.068116696006,-58.71414864788409,301.41808762364235,301.418087623897,-2.546585164964199e-10
16.999999999999815,15328.336082219483,-58.794810850023914,302.2947212890358,302.29472128942143,-3.8562575355172157e-10
17.039999999999814,15327.603717503542,-58.87521582901371,303.1717411852442,303.1717411855461,-3.019522409886122e-10
17.079999999999814,15326.871020088094,-58.95536543000936,304.04914880758224,304.04914880791694,-3.346940502524376e-10
17.119999999999813,15326.137987628805,-59.03526225362435,304.926945849591,304.9269458499839,-3.92901711165905e-10
17.159999999999812,15325.404617908407,-59.11490964192131,305.8051341888968,305.8051341892169,-3.2014213502407074e-10
17.19999999999981,15324.670908850143,-59.19431166143977,306.6837158745693,306.6837158749586,-3.892637323588133e-10
17.23999999999981,15323.93685852833,-59.27347308336337,307.562693113141,307.5626931134466,-3.055902197957039e-10
17.27999999999981,15323.202465176411,-59.35239936092405,308.4420682533055,308.44206825361107,-3.055902197957039e-10
17.31999999999981,15322.467727199608,-59.431096604160004,309.3218437715841,309.32184377203885,-4.547473508864641e-10
17.359999999999808,15321.732643180198,-59.50957155215051,310.20202225731555,310.2020222576284,-3.128661774098873e-10
17.399999999999807,15320.997211887532,-59.58783154286236,311.0826063953573,311.0826063958775,-5.20230969414115e-10
17.439999999999806,15320.261432283869,-59.66588448074411,311.9635989520102,311.9635989522103,-2.000888343900442e-10
17.479999999999805,15319.525303531133,-59.74373880222756,312.8450027566141,312.84500275701794,-4.0381564758718014e-10
17.519999999999804,15318.788824994319,-59.82140343928126,313.72682068738504,313.726820687687,-3.019522409886122e-10
17.559999999999803,15318.05199624797,-59.8988877811896,314.6090556531417,314.6090556534473,-3.055902197957039e-10
17.599999999999802,15317.31481707804,-59.97620163472253,315.49171057805506,315.4917105782624,-2.0736479200422764e-10
17.6399999999998,15316.577287484395,-60.05335518287069,316.374788384408,316.3747883847682,-3.601599019020796e-10
17.6799999999998,15315.839407682577,-60.1303589423249,317.25829197731946,317.2582919774941,-1.7462298274040222e-10
17.7199999999998,15315.101178103681,-60.207223719883636,318.1422242269982,318.14222422745297,-4.547473508864641e-10
17.7599999999998,15314.362599395092,-60.28396056797479,319.0265879555154,319.02658795570824,-1.9281287677586079e-10
17.799999999999798,15313.623672418522,-60.36058073947745,319.9113859183053,319.91138591844356,-1.382431946694851e-10
17.839999999999797,15312.884398247012,-60.437095642033974,320.79662079107584,320.7966207915051,-4.2928149923682213e-10
17.879999999999797,15312.144778163578,-60.513516792044356,321.6822951552713,321.6822951556169,-3.4560798667371273e-10
17.919999999999796,15311.404813655996,-60.58985576852442,322.568411482207,322.5684114825017,-2.9467628337442875e-10
17.959999999999795,15310.664506412095,-60.66612416703004,323.4549721208532,323.4549721211224,-2.6921043172478676e-10
17.999999999999794,15309.923858315438,-60.742333553820075,324.34197928443245,324.3419792846944,-2.6193447411060333e-10
18.039999999999793,15309.182871436771,-60.81849542044923,325.22943503758506,325.2294350381271,-5.420588422566652e-10
18.079999999999792,15308.441548029929,-60.8946211389724,326.11734128580065,326.1173412860735,-2.7284841053187847e-10
18.11999999999979,15307.699890520902,-60.97072191793526,327.00569976276165,327.005699762929,-1.673470251262188e-10
18.15999999999979,15306.957901501852,-61.04680875932074,327.8945120213284,327.8945120214339,-1.0550138540565968e-10
18.19999999999979,15306.215583721247,-61.12289241662462,328.78377942354564,328.78377942390944,-3.637978807091713e-10
18.23999999999979,15305.472940073276,-61.198983354213325,329.67350313323914,329.6735031336648,-4.256435204297304e-10
18.279999999999788,15304.729973589314,-61.275091708124364,330.563684106608,330.5636841068517,-2.4374458007514477e-10
18.319999999999787,15303.98668742668,-61.351227248450314,331.45432308592353,331.45432308620366,-2.801243681460619e-10
18.359999999999786,15303.243084856416,-61.42739934344714,332.3454205943199,332.3454205945054,-1.8553691916167736e-10
18.399999999999785,15302.49916925343,-61.50361692550173,333.236976929973,333.23697693001304,-4.001776687800884e-11
18.439999999999785,15301.754944084449,-61.579888459068236,334.12899216203004,334.1289921622847,-2.546585164964199e-10
18.479999999999784,15301.010412894986,-61.65622191069942,335.0214661283899,335.0214661287355,-3.4560798667371273e-10
18.519999999999783,15300.265579297655,-61.73262472126467,335.91439843201806,335.9143984323164,-2.9831426218152046e-10
18.559999999999782,15299.520446960123,-61.80910378045093,336.80778844106317,336.8077884410559,7.275957614183426e-12
18.59999999999978,15298.77501959194,-61.88566540362887,337.70163528689227,337.70163528693956,-4.729372449219227e-11
18.63999999999978,15298.029300932345,-61.96231531115647,338.595937866241,338.595937866492,-2.510205376893282e-10
18.67999999999978,15297.283294736846,-62.03905861017774,339.49069484258143,339.4906948427233,-1.418811734765768e-10
18.71999999999978,15296.53700476512,-62.11589977896718,340.3859046469297,340.3859046469697,-4.001776687800884e-11
18.759999999999778,15295.79043476913,-62.19284265386243,341.2815654829283,341.28156548300103,-7.275957614183426e-11
18.799999999999777,15295.043588479348,-62.269890418807314,342.17767533007645,342.17767533037113,-2.9467628337442875e-10
18.839999999999776,15294.29646959445,-62.34704559752681,343.07423194937655,343.07423194946387,-8.731149137020111e-11
18.879999999999775,15293.5490817676,-62.4243100483368,343.9712328879141,343.97123288809235,-1.7826096154749393e-10
18.919999999999774,15292.801428595483,-62.50168496158622,344.8686754869668,344.86867548704686,-8.003553375601768e-11
18.959999999999773,15292.053513606861,-62.57917085971318,345.7665568881748,345.76655688843675,-2.6193447411060333e-10
18.999999999999773,15291.305340253159,-62.656767599891374,346.66487404272993,346.6648740426681,6.184563972055912e-11
19.03999999999977,15290.556911895623,-62.73447437923146,347.56362371826253,347.5636237184772,-2.1464074961841106e-10
19.07999999999977,15289.808231796875,-62.81228974248888,348.4628025107013,348.46280251086864,-1.673470251262188e-10
19.11999999999977,15289.05930311101,-62.89021159222281,349.3624068520767,349.36240685227676,-2.000888343900442e-10
19.15999999999977,15288.310128874336,-62.968237201344984,350.2624330224353,350.2624330225226,-8.731149137020111e-11
19.19999999999977,15287.560711996533,-63.04636322798091,351.1628771597534,351.1628771600117,-2.582964953035116e-10
19.239999999999768,15286.811055254808,-63.12458573256535,352.06373527278265,352.0637352730264,-2.4374458007514477e-10
19.279999999999767,15286.061161283289,-63.202900197077554,352.9650032517893,352.96500325185116,-6.184563972055912e-11
19.319999999999766,15285.311032570058,-63.28130154632728,353.86667688133457,353.8666768812436,9.094947017729282e-11
19.359999999999765,15284.560671447582,-63.359784171177814,354.76875185238896,354.76875185259996,-2.1100277081131935e-10
19.399999999999764,15283.810080090949,-63.43834195360597,355.67122377684063,355.67122377691703,-7.639755494892597e-11
19.439999999999763,15283.059260510048,-63.51696829347565,356.5740881980382,356.5740881981328,-9.458744898438454e-11
19.479999999999762,15282.308214547998,-63.59565613690813,357.4773406060158,357.47734060597577,4.001776687800884e-11
19.51999999999976,15281.55694387621,-63.67439800612314,358.3809764502148,358.3809764502075,7.275957614183426e-12
19.55999999999976,15280.805449992658,-63.75318603061769,359.28499115248997,359.2849911525409,-5.093170329928398e-11
19.59999999999976,15280.053734219233,-63.832011979557066,360.18938012130457,360.18938012140643,-1.0186340659856796e-10
19.63999999999976,15279.301797702894,-63.91086729523347,361.09413876494364,361.09413876491817,2.546585164964199e-11
19.679999999999758,15278.549641410862,-63.98974312745935,361.9992625040868,361.99926250423596,-1.4915713109076023e-10
19.719999999999757,15277.797266134925,-64.06863036875627,362.9047467865312,362.9047467865639,-3.2741809263825417e-11
19.759999999999756,15277.044672489636,-64.14751969019508,363.810587098269,363.8105870984,-1.3096723705530167e-10
19.799999999999756,15276.291860915919,-64.22640157775014,364.71677897825066,364.7167789782543,-3.637978807091713e-12
19.839999999999755,15275.538831680587,-64.30526636902064,365.6233180292438,365.62331802935296,-1.0913936421275139e-10
19.879999999999754,15274.785584881027,-64.38410429018282,366.5301999313997,366.53019993145426,-5.4569682106375694e-11
19.919999999999753,15274.032120448603,-64.462905493038,367.4374204531632,367.4374204534179,-2.546585164964199e-10
19.959999999999752,15273.278438150868,-64.54166009200432,368.34497546353305,368.3449754636931,-1.6007106751203537e-10
19.99999999999975,15272.524537597186,-64.62035820092875,369.25286094229887,369.2528609423789,-8.003553375601768e-11
20.03999999999975,15271.770418245042,-64.69898996958597,370.16107299124997,370.1610729912827,-3.2741809263825417e-11
20.07999999999975,15271.016079402327,-64.77754561972255,371.0696078440051,371.06960784412513,-1.2005330063402653e-10
20.11999999999975,15270.26152023705,-64.85601548053774,371.9784618757767,371.9784618758531,-7.639755494892597e-11
20.159999999999748,15269.506739779841,-64.93439002345787,372.8876316124479,372.8876316124879,-4.001776687800884e-11
20.199999999999747,15268.751736934179,-65.01265989610076,373.7971137383356,373.7971137385575,-2.219167072325945e-10
20.239999999999746,15267.996510481678,-65.09081595531599,374.7069051051876,374.7069051053477,-1.6007106751203537e-10
20.279999999999745,15267.241059090637,-65.16884929917678,375.617002738476,375.6170027383996,7.639755494892597e-11
20.319999999999744,15266.485381323402,-65.24675129784116,376.5274038435855,376.52740384352,6.548361852765083e-11
20.359999999999744,15265.729475644988,-65.32451362316874,377.43810581276193,377.4381058129984,-2.3646862246096134e-10
20.399999999999743,15264.973340430144,-65.402128277007,378.3491062303474,378.34910623054384,-1.964508555829525e-10
20.439999999999742,15264.216973974948,-65.47958761805891,379.26040287624346,379.2604028759997,2.4374458007514477e-10
20.47999999999974,15263.460374502663,-65.55688438725547,380.1719937293674,380.17199372932737,4.001776687800884e-11
20.51999999999974,15262.703540173932,-65.63401173155385,381.0838769728507,381.08387697302896,-1.7826096154749393e-10
20.55999999999974,15261.946469096978,-65.71096322610032,381.99605099507244,381.9960509950761,-3.637978807091713e-12
20.59999999999974,15261.189159333964,-65.78773289469021,382.9085143904813,382.9085143904522,2.9103830456733704e-11
20.639999999999738,15260.43160891383,-65.86431522848005,383.82126596206945,383.8212659619967,7.275957614183426e-11
20.679999999999737,15259.673815839387,-65.94070520289436,384.7343047204813,384.73430472052496,-4.3655745685100555e-11
20.719999999999736,15258.915778096241,-66.01689829269975,385.6476298845737,385.6476298846319,-5.820766091346741e-11
20.759999999999735,15258.1574936638,-66.09289048520104,386.5612408788038,386.56124087893477,-1.3096723705530167e-10
20.799999999999734,15257.39896052224,-66.16867829154141,387.4751373329891,387.47513733290543,8.36735125631094e-11
20.839999999999733,15256.64017666344,-66.2442587560832,388.3893190775707,388.3893190776289,-5.820766091346741e-11
20.879999999999733,15255.881140099353,-66.31962946385592,389.30378614305664,389.30378614296205,9.458744898438454e-11
20.91999999999973,15255.121848870089,-66.39478854607533,390.2185387535865,390.21853875358283,3.637978807091713e-12
20.95999999999973,15254.362301052515,-66.46973468371318,391.133577324199,391.133577324159,4.001776687800884e-11
20.99999999999973,15253.602494769833,-66.54446710915357,392.0489024545932,392.048902454615,-2.1827872842550278e-11
21.03999999999973,15252.84242819829,-66.61898560592043,392.9645149239441,392.9645149238204,1.2369127944111824e-10
21.07999999999973,15252.082099575111,-66.69329050652006,393.8804156842307,393.8804156842816,-5.093170329928398e-11
21.119999999999727,15251.321507206649,-66.76738268841123,394.79660585428064,394.796605854237,4.3655745685100555e-11
21.159999999999727,15250.560649475308,-66.84126356813663,395.71308671091174,395.7130867107335,1.7826096154749393e-10
21.199999999999726,15249.799524845826,-66.91493509365854,396.6298596821871,396.62985968219436,-7.275957614183426e-12
21.239999999999725,15249.038131873067,-66.98839973493692,397.5469263393279,397.5469263390878,2.4010660126805305e-10
21.279999999999724,15248.27646920652,-67.06166047280227,398.46428838665815,398.4642883865672,9.094947017729282e-11
21.319999999999723,15247.514535596756,-67.13472078617053,399.38194765412845,399.38194765405206,7.639755494892597e-11
21.359999999999722,15246.752329901725,-67.20758463767157,400.29990608679145,400.29990608667504,1.1641532182693481e-10
21.39999999999972,15245.989851090264,-67.28025645773786,401.218165735143,401.21816573508113,6.184563972055912e-11
21.43999999999972,15245.227098246387,-67.35274112723516,402.13672874588883,402.13672874567783,2.1100277081131935e-10
21.47999999999972,15244.46407057528,-67.4250439586966,403.05559735004863,403.05559734997223,7.639755494892597e-11
21.51999999999972,15243.700767404287,-67.49717067624573,403.97477385407547,403.9747738537808,2.9467628337442875e-10
21.559999999999718,15242.937188188356,-67.56912739427212,404.89426062786515,404.8942606276687,1.964508555829525e-10
21.599999999999717,15242.173332510885,-67.64092059496677,405.81406009505736,405.81406009477723,2.801243681460619e-10
21.639999999999716,15241.40920008674,-67.71255710477024,406.73417472080473,406.73417472072106,8.36735125631094e-11
21.679999999999715,15240.644790765313,-67.78404406985031,407.6546070021468,407.65460700209223,5.4569682106375694e-11
21.719999999999715,15239.88010452898,-67.85538893068193,408.57535945583004,408.57535945575,8.003553375601768e-11
21.759999999999714,15239.115141494482,-67.92659939582727,409.49643460774314,409.4964346074448,2.9831426218152046e-10
21.799999999999713,15238.349901916848,-67.99768341501255,410.41783498184304,410.4178349816211,2.219167072325945e-10
21.839999999999712,15237.584386183975,-68.0686491515882,411.339563089321,411.33956308908455,2.3646862246096134e-10
21.87999999999971,15236.818594819722,-68.13950495447898,412.26162141790337,412.2616214176742,2.2919266484677792e-10
21.91999999999971,15236.052528480956,-68.2102593297149,413.1840124208502,413.1840124207374,1.127773430198431e-10
21.95999999999971,15235.286187957608,-68.28092091163967,414.1067385072711,414.10673850708554,1.8553691916167736e-10
21.99999999999971,15234.519574168386,-68.35149843390008,415.02980203075276,415.0298020305563,1.964508555829525e-10
22.039999999999708,15233.752688160714,-68.4220007003076,415.95320528039156,415.95320528006414,3.2741809263825417e-10
22.079999999999707,15232.985531107148,-68.49243655567098,416.8769504701595,416.87695047003217,1.2732925824820995e-10
22.119999999999706,15232.218104302432,-68.56281485670215,417.80103973109,417.8010397308826,2.0736479200422764e-10
22.159999999999705,15231.450409157846,-68.63314444307746,418.7254751002256,418.7254751000655,1.6007106751203537e-10
22.199999999999704,15230.682447200807,-68.70343410876175,419.6502585134549,419.6502585131202,3.346940502524376e-10
22.239999999999704,15229.914220067098,-68.77369257367768,420.5753917962138,420.575391796021,1.9281287677586079e-10
22.279999999999703,15229.145729498981,-68.84392845581526,421.500876656919,421.5008766565297,3.892637323588133e-10
22.319999999999702,15228.376977338941,-68.91415024386602,422.42671467761465,422.4267146773054,3.092281986027956e-10
22.3599999999997,15227.60796552403,-68.98436627047195,423.35290730931956,423.35290730895576,3.637978807091713e-10
22.3999999999997,15226.838696080446,-69.05458468616293,424.27945586324495,424.2794558629139,3.310560714453459e-10
22.4399999999997,15226.069171119072,-69.12481343407359,425.2063615067127,425.20636150641803,2.9467628337442875e-10
22.4799999999997,15225.29939282776,-69.1950602255039,426.13362525631237,426.1336252560868,2.255546860396862e-10
22.519999999999698,15224.529363465348,-69.26533251640895,427.0612479738411,427.0612479737392,1.0186340659856796e-10
22.559999999999697,15223.759085356236,-69.33563748487019,427.9892303614688,427.9892303614215,4.729372449219227e-11
22.599999999999696,15222.98856088334,-69.4059820096352,428.9175729579838,428.91757295765274,3.310560714453459e-10
22.639999999999695,15222.217792480107,-69.47637264975897,429.84627613508565,429.8462761347,3.8562575355172157e-10
22.679999999999694,15221.44678262482,-69.54681562543684,430.77534009534793,430.775340094955,3.92901711165905e-10
22.719999999999693,15220.675533834145,-69.61731680004789,431.7047648695989,431.70476486917323,4.256435204297304e-10
22.759999999999692,15219.90404865461,-69.68788166348499,432.63455031528065,432.63455031489866,3.8198777474462986e-10
22.79999999999969,15219.132329655944,-69.75851531679433,433.5646961156126,433.5646961152852,3.2741809263825417e-10
22.83999999999969,15218.360379424905,-69.82922245817463,434.495201779162,434.4952017787582,4.0381564758718014e-10
22.87999999999969,15217.588200556851,-69.90000737036497,435.42606663934566,435.4260666389964,3.4924596548080444e-10
22.91999999999969,15216.81579565015,-69.97087390945347,436.35728985608876,436.35728985557944,5.093170329928398e-10
22.959999999999688,15216.043167296699,-70.04182549512635,437.288870415734,437.2888704152392,4.94765117764473e-10
22.999999999999687,15215.270318078208,-70.11286510237929,438.22080713375544,438.22080713348987,2.6557245291769505e-10
23.039999999999687,15214.497250556133,-70.18399525470325,439.1530986576945,439.15309865701784,6.766640581190586e-10
23.079999999999686,15213.723967266815,-70.25521801876052,440.0857434672653,440.0857434668105,4.547473508864641e-10
23.119999999999685,15212.950470714819,-70.32653500054364,441.0187398811613,441.01873988060834,5.529727786779404e-10
23.159999999999684,15212.176763365283,-70.39794734302399,441.95208605805965,441.9520860577577,3.019522409886122e-10
23.199999999999683,15211.402847638612,-70.46945572528782,442.88578000283815,442.8857800025289,3.092281986027956e-10
23.239999999999682,15210.628725904948,-70.5410603631382,443.81981956995514,443.8198195694822,4.729372449219227e-10
23.27999999999968,15209.854400476037,-70.61276101116158,444.75420246924114,444.7542024688555,3.8562575355172157e-10
23.31999999999968,15209.079873602612,-70.68455696622804,445.6889262718869,445.68892627130117,5.857145879417658e-10
23.35999999999968,15208.305147465597,-70.75644707240677,446.6239884154602,446.62398841499817,4.6202330850064754e-10
23.39999999999968,15207.530224174128,-70.82842972727212,447.5593862118185,447.5593862114183,4.001776687800884e-10
23.439999999999678,15206.75510575882,-70.90050288955939,448.49511685236575,448.49511685202015,3.4560798667371273e-10
23.479999999999677,15205.979794168396,-70.97266408814106,449.4311774162852,449.43117741580863,4.765752237290144e-10
23.519999999999676,15205.204291263826,-71.04491043227925,450.3675648771823,450.36756487666935,5.129550117999315e-10
23.559999999999675,15204.428598815832,-71.11723862311906,451.30427611106643,451.3042761105062,5.602487362921238e-10
23.599999999999675,15203.652718501167,-71.18964496636185,452.24130790455456,452.2413079043399,2.1464074961841106e-10
23.639999999999674,15202.876651898277,-71.26212538608057,453.1786569636206,453.17865696304943,5.711626727133989e-10
23.679999999999673,15202.100400484147,-71.33467543961827,454.11631992003095,454.11631991941977,6.111804395914078e-10
23.719999999999672,15201.323965634881,-71.40729033351766,455.05429334192377,455.0542933413926,5.311449058353901e-10
23.75999999999967,15200.54734861855,-71.47996494041438,455.99257374219087,455.9925737415324,6.584741640836e-10
23.79999999999967,15199.77055059763,-71.55269381684785,456.93115758614294,456.9311575857864,3.5652192309498787e-10
23.83999999999967,15198.99357262391,-71.6254712219119,457.87004130278,457.8700413021397,6.402842700481415e-10
23.87999999999967,15198.216415641267,-71.69829113668825,458.809221291227,458.80922129050305,7.239577826112509e-10
23.919999999999668,15197.439080479953,-71.77114728439734,459.7486939312439,459.74869393071276,5.311449058353901e-10
23.959999999999667,15196.66156785985,-71.8440331511909,460.68845559331385,460.68845559254623,7.676135282963514e-10
23.999999999999666,15195.883878388822,-71.91694200753045,461.6285026448568,461.6285026442383,6.184563972055912e-10
24.039999999999665,15195.106012564085,-71.98986693006422,462.56883146275504,462.5688314620638,6.912159733474255e-10
24.079999999999664,15194.327970770046,-72.06280082394917,463.50943843966525,463.5094384390068,6.584741640836e-10
24.119999999999663,15193.549753282097,-72.13573644553303,464.4503199940664,464.45031999360435,4.6202330850064754e-10
24.159999999999663,15192.771360266377,-72.20866642533645,465.3914725796458,465.3914725790455,6.002665031701326e-10
24.199999999999662,15191.99279178151,-72.28158329125527,466.33289269212037,466.33289269162196,4.984030965715647e-10
24.23999999999966,15191.214047779373,-72.35447949191249,467.27457687959395,467.27457687918286,4.1109160520136356e-10
24.27999999999966,15190.435128110536,-72.42734742009314,468.21652175037525,468.2165217498077,5.675246939063072e-10
24.31999999999966,15189.656032520697,-72.50017943619433,469.1587239803375,469.15872397963903,6.984919309616089e-10
24.35999999999966,15188.87676066098,-72.5729678916074,470.10118032073296,470.10118032011815,6.148184183984995e-10
24.399999999999658,15188.097312085329,-72.64570515197933,471.0438876078151,471.0438876070584,7.566995918750763e-10
24.439999999999657,15187.317686253693,-72.71838362027566,471.98684276720815,471.98684276657514,6.330083124339581e-10
24.479999999999656,15186.537882539275,-72.790995759584,472.9300428235729,472.93004282291076,6.621121428906918e-10
24.519999999999655,15185.757900230057,-72.86353411559362,473.8734849052198,473.87348490457225,6.475602276623249e-10
24.559999999999654,15184.97773853111,-72.9359913386839,474.8171662521272,474.8171662515051,6.220943760126829e-10
24.599999999999653,15184.197396572301,-73.00836020556362,475.76108422119796,475.76108422041943,7.785274647176266e-10
24.639999999999652,15183.416873408394,-73.08063364040643,476.7052362911345,476.7052362905524,5.820766091346741e-10
24.67999999999965,15182.636168027668,-73.1528047354149,477.649620069933,477.64962006926,6.730260793119669e-10
24.71999999999965,15181.855279354084,-73.22486677076762,478.5942332977611,478.5942332970735,6.875779945403337e-10
24.75999999999965,15181.074206252533,-73.29681323389681,479.53907385189814,479.5390738512906,6.075424607843161e-10
24.79999999999965,15180.2929475333,-73.3686378380362,480.4841397519085,480.4841397511227,7.8580342233181e-10
24.839999999999648,15179.511501959274,-73.44033454000919,481.42942916138054,481.4294291608967,4.838511813431978e-10
24.879999999999647,15178.7298682475,-73.51189755719429,482.374940393569,482.3749403927941,7.748894859105349e-10
24.919999999999646,15177.948045077803,-73.58332138363788,483.32067191156966,483.32067191086026,7.09405867382884e-10
24.959999999999646,15177.16603109608,-73.65460080527188,484.2666223327651,484.26662233192474,8.403731044381857e-10
24.999999999999645,15176.383824920253,-73.72573091419974,485.21279042957394,485.21279042882816,7.457856554538012e-10
25.039999999999644,15175.601425145995,-73.79670712201508,486.1591751314336,486.1591751306405,7.930793799459934e-10
25.079999999999643,15174.818830351249,-73.86752517212814,487.10577552534596,487.1057755246984,6.475602276623249e-10
25.119999999999642,15174.036039103012,-73.93818115106467,488.0525908568925,488.0525908563941,4.984030965715647e-10
25.15999999999964,15173.25304995968,-74.00867149872471,488.9996205303396,488.9996205298521,4.874891601502895e-10
25.19999999999964,15172.46986148126,-74.07899301756251,489.9468641075655,489.9468641068961,6.693881005048752e-10
25.23999999999964,15171.686472230222,-74.1491428806885,490.8943213075181,490.8943213068669,6.511982064694166e-10
25.27999999999964,15170.902880779779,-74.2191186388658,491.841992005684,491.8419920050983,5.857145879417658e-10
25.319999999999638,15170.119085716298,-74.2889182263917,492.7898762320292,492.78987623130524,7.239577826112509e-10
25.359999999999637,15169.335085648398,-74.35853996585847,493.73797416779416,493.73797416708476,7.09405867382884e-10
25.399999999999636,15168.550879207383,-74.42798257177985,494.68628614442423,494.686286143864,5.602487362921238e-10
25.439999999999635,15167.766465055347,-74.49724515309425,495.6348126403682,495.63481263964786,7.203198038041592e-10
25.479999999999634,15166.981841889517,-74.56632721452986,496.58355427670904,496.5835542758032,9.058567229658365e-10
25.519999999999634,15166.197008445939,-74.63522865684247,497.53251181407177,497.53251181336964,7.021299097687006e-10
25.559999999999633,15165.411963504857,-74.70394977593325,498.48168614918177,498.48168614847236,7.09405867382884e-10
25.599999999999632,15164.626705893323,-74.77249126085263,499.4310783091714,499.431078308382,7.894414011389017e-10
25.63999999999963,15163.841234493799,-74.84085419070212,500.38068944699626,500.3806894462068,7.894414011389017e-10
25.67999999999963,15163.055548242748,-74.9090400304517,501.3305208368365,501.3305208359561,8.803908713161945e-10
25.71999999999963,15162.269646139139,-74.97705062568652,502.28057386750515,502.2805738668867,6.184563972055912e-10
25.75999999999963,15161.48352724276,-75.04488819631078,503.23085003891174,503.2308500380241,8.87666828930378e-10
25.799999999999628,15160.697190684723,-75.11255532921658,504.18135095211983,504.18135095140315,7.166818249970675e-10
25.839999999999627,15159.910635664804,-75.18005496996801,505.13207830726606,505.13207830645115,8.149072527885437e-10
25.879999999999626,15159.123861455728,-75.247390413493,506.0830338933665,506.0830338925116,8.549250196665525e-10
25.919999999999625,15158.336867409147,-75.31456529385929,507.0342195836529,507.03421958292165,7.312337402254343e-10
25.959999999999624,15157.549652953983,-75.38158357311801,507.9856373280818,507.9856373273251,7.566995918750763e-10
25.999999999999623,15156.76221760151,-75.44844952929026,508.93728914493477,508.9372891442108,7.239577826112509e-10
26.039999999999623,15155.974560946059,-75.51516774351096,509.8891771155104,509.8891771146227,8.87666828930378e-10
26.07999999999962,15155.186682667376,-75.58174308637489,510.841303374189,510.84130337330134,8.87666828930378e-10
26.11999999999962,15154.398582532302,-75.6481807035273,511.7936701023864,511.79367010160786,7.785274647176266e-10
26.15999999999962,15153.610260396417,-75.7144860005455,512.746279520652,512.7462795198335,8.185452315956354e-10
26.19999999999962,15152.821716202634,-75.78066462714574,513.6991338800071,513.6991338789412,1.0659277904778719e-09
26.23999999999962,15152.032949986507,-75.84672246076767,514.6522354541266,514.6522354533008,8.258211892098188e-10
26.279999999999617,15151.243961872751,-75.91266558959089,515.6055865324815,515.6055865315539,9.276845958083868e-10
26.319999999999617,15150.454752077194,-75.97850029501772,516.5591894110512,516.5591894101926,8.585629984736443e-10
26.359999999999616,15149.66532090635,-76.04423303368057,517.5130463851056,517.5130463840796,1.025910023599863e-09
26.399999999999615,15148.875668758026,-76.10987041903063,518.4671597407832,518.4671597398774,9.058567229658365e-10
26.439999999999614,15148.085796120273,-76.17541920254808,519.4215317479684,519.4215317470225,9.458744898438454e-10
26.479999999999613,15147.295703570235,-76.2408862546342,520.3761646516468,520.3761646507846,8.62200977280736e-10
26.519999999999612,15146.505391773097,-76.30627854523618,521.3310606646337,521.3310606638079,8.258211892098188e-10
26.55999999999961,15145.714861481332,-76.37160312426347,522.2862219601884,522.2862219593262,8.62200977280736e-10
26.59999999999961,15144.924113534327,-76.43686710184336,523.2416506641785,523.2416506631926,9.858922567218542e-10
26.63999999999961,15144.13314885416,-76.50207762847398,524.1973488475414,524.1973488465737,9.677023626863956e-10
26.67999999999961,15143.341968444529,-76.56724187513109,525.153318520137,525.1533185191365,1.000444171950221e-09
26.719999999999608,15142.550573389406,-76.6323670133809,526.1095616229286,526.1095616220737,8.549250196665525e-10
26.759999999999607,15141.758964850816,-76.69746019555225,527.0660800220176,527.066080021159,8.585629984736443e-10
26.799999999999606,15140.967144064723,-76.76252853502868,528.0228755015632,528.0228755005664,9.968061931431293e-10
26.839999999999606,15140.175112337985,-76.827579086708,528.9799497576096,528.9799497567292,8.803908713161945e-10
26.879999999999605,15139.382871047948,-76.89261882768226,529.937304392748,529.9373043918058,9.422365110367537e-10
26.919999999999604,15138.590421637145,-76.95765463819725,530.8949409099223,530.8949409089291,9.931682143360376e-10
26.959999999999603,15137.79776560979,-77.02269328293305,531.8528607072694,531.8528607062945,9.74978320300579e-10
26.999999999999602,15137.004904528243,-77.08774139267129,532.8110650730923,532.8110650720773,1.014996087178588e-09
27.0399999999996,15136.211840011576,-77.15280544637342,533.7695551805118,533.7695551796569,8.549250196665525e-10
27.0799999999996,15135.418573727555,-77.21789175374808,534.7283320848328,534.7283320838833,9.49512468650937e-10
27.1199999999996,15134.62510739248,-77.28300643833103,535.6873967172687,535.6873967162173,1.051375875249505e-09
27.1599999999996,15133.831442766366,-77.34815542113088,536.6467498826496,536.6467498816601,9.89530235528946e-10
27.199999999999598,15133.037581645625,-77.41334440488741,537.6063922556423,537.6063922548055,8.36735125631094e-10
27.239999999999597,15132.243525862645,-77.47857885897683,538.5663243783856,538.5663243774652,9.204086381942034e-10
27.279999999999596,15131.44927727987,-77.54386400500583,539.526546656838,539.5265466557576,1.0804797057062387e-09
27.319999999999595,15130.654837784607,-77.60920480313673,540.4870593595188,540.487059358351,1.1677911970764399e-09
27.359999999999594,15129.860209285083,-77.67460593916995,541.4478626148921,541.4478626139571,9.349605534225702e-10
27.399999999999594,15129.065393706389,-77.74007181242663,542.4089564115857,542.4089564105379,1.0477378964424133e-09
27.439999999999593,15128.27039298568,-77.80560652445523,543.3703405952001,543.3703405942833,9.167706593871117e-10
27.479999999999592,15127.47520906668,-77.87121386859064,544.3320148690436,544.3320148680432,1.000444171950221e-09
27.51999999999959,15126.67984389574,-77.93689732039651,545.2939787935975,545.293978792597,1.000444171950221e-09
27.55999999999959,15125.884299418109,-78.00266002901408,546.256231787087,546.2562317858647,1.2223608791828156e-09
27.59999999999959,15125.088577570603,-78.06850480942778,547.2187731248487,547.2187731237209,1.127773430198431e-09
27.63999999999959,15124.292680280996,-78.13443413568106,548.1816019418402,548.181601940807,1.0331859812140465e-09
27.679999999999588,15123.496609460437,-78.20045013504786,549.1447172329827,549.1447172319167,1.0659277904778719e-09
27.719999999999587,15122.700366999317,-78.26655458317265,550.108117855023,550.1081178539571,1.0659277904778719e-09
27.759999999999586,15121.90395476473,-78.33274890019707,551.0718025288188,551.0718025276474,1.1714291758835316e-09
27.799999999999585,15121.10737459402,-78.39903414786897,552.035769841681,552.0357698405605,1.1204974725842476e-09
27.839999999999584,15120.31062829257,-78.46541102764796,553.0000182500735,553.0000182490876,9.858922567218542e-10
27.879999999999583,15119.513717628379,-78.53187987980337,553.9645460836546,553.964546082494,1.1605152394622564e-09
27.919999999999582,15118.71664432914,-78.59844068350547,554.9293515469544,554.9293515456811,1.2732925824820995e-09
27.95999999999958,15117.919410075674,-78.66509305790781,555.8944327250356,555.8944327236641,1.3715180102735758e-09
27.99999999999958,15117.122016502679,-78.7318362642112,556.8597875861451,556.8597875852283,9.167706593871117e-10
28.03999999999958,15116.32446519272,-78.79866920869958,557.8254139885685,557.8254139873607,1.2078089639544487e-09
28.07999999999958,15115.526757672413,-78.8655904467367,558.7913096819939,558.7913096806842,1.3096723705530167e-09
28.119999999999578,15114.728895409524,-78.9325981877178,559.7574723148282,559.7574723137186,1.1095835361629725e-09
28.159999999999577,15113.930879811816,-78.99969030093794,560.723899439563,560.7238994383697,1.1932570487260818e-09
28.199999999999577,15113.132712221235,-79.0668643223795,561.6905885169435,561.6905885157539,1.1896190699189901e-09
28.239999999999576,15112.334393913927,-79.13411746238336,562.6575369229067,562.6575369215861,1.3205863069742918e-09
28.279999999999575,15111.535926096618,-79.20144661418757,563.624741953623,563.6247419526189,1.0040821507573128e-09
28.319999999999574,15110.737309903283,-79.26884836329593,564.5922008330381,564.5922008317975,1.2405507732182741e-09
28.359999999999573,15109.938546396434,-79.33631899765854,565.5599107175512,565.5599107163434,1.2078089639544487e-09
28.399999999999572,15109.139636561204,-79.40385451862733,566.5278687037026,566.5278687026002,1.102307578548789e-09
28.43999999999957,15108.340581307095,-79.47145065265798,567.4960718345465,567.4960718333787,1.1677911970764399e-09
28.47999999999957,15107.541381465298,-79.5391028637116,568.4645171066259,568.4645171053926,1.2332748156040907e-09
28.51999999999957,15106.74203778648,-79.60680636633676,569.4332014760475,569.4332014748907,1.1568772606551647e-09
28.55999999999957,15105.94255094199,-79.67455613938331,570.402121866904,570.4021218656453,1.2587406672537327e-09
28.599999999999568,15105.142921521361,-79.74234694029697,571.3712751768253,571.3712751755156,1.3096723705530167e-09
28.639999999999567,15104.34315003339,-79.8101733199889,572.3406582850657,572.3406582839125,1.153239281848073e-09
28.679999999999566,15103.543236905545,-79.8780296381872,573.3102680600132,573.3102680586017,1.4115357771515846e-09
28.719999999999565,15102.743182482312,-79.94591007927285,574.2801013644275,574.2801013631433,1.2842065189033747e-09
28.759999999999565,15101.942987026983,-80.01380866852637,575.2501550654197,575.2501550640773,1.342414179816842e-09
28.799999999999564,15101.1426507225,-80.08171928874852,576.2204260389299,576.2204260377366,1.1932570487260818e-09
28.839999999999563,15100.342173671052,-80.14963569721056,577.1909111790228,577.1909111778041,1.2187229003757238e-09
28.879999999999562,15099.541555894715,-80.2175515428817,578.1616074030389,578.1616074017657,1.2732925824820995e-09
28.91999999999956,15098.740797338032,-80.2854603838876,579.1325116599037,579.1325116584449,1.4588295016437769e-09
28.95999999999956,15097.93989786756,-80.35335570515461,580.1036209361409,580.1036209347621,1.3787939678877592e-09
28.99999999999956,15097.138857275559,-80.42123093618787,581.0749322632182,581.0749322619704,1.2478267308324575e-09
29.03999999999956,15096.33767527796,-80.48907946893648,582.0464427244078,582.0464427230581,1.3496901374310255e-09
29.079999999999558,15095.536351520564,-80.55689467568766,583.0181494598619,583.018149458323,1.5388650353997946e-09
29.119999999999557,15094.734885578577,-80.62466992696618,583.9900496742011,583.9900496729715,1.229636836796999e-09
29.159999999999556,15093.933276959302,-80.69239860935814,584.9621406426268,584.9621406412407,1.3860699255019426e-09
29.199999999999555,15093.131525104058,-80.76007414323733,585.9344197156024,585.9344197144201,1.1823431123048067e-09
29.239999999999554,15092.329629392892,-80.82769000034035,586.9068843268578,586.9068843254317,1.4260876923799515e-09
29.279999999999553,15091.527589143647,-80.89523972112619,587.8795319955898,587.8795319941055,1.4842953532934189e-09
29.319999999999553,15090.725403619428,-80.9627169319124,588.852360334753,588.8523603334943,1.2587406672537327e-09
29.359999999999552,15089.92307202625,-81.03011536169684,589.8253670547929,589.8253670534577,1.3351382222026587e-09
29.39999999999955,15089.120593520998,-81.09742885866214,590.7985499678762,590.7985499666975,1.178705133497715e-09
29.43999999999955,15088.317967211868,-81.1646514062966,591.7719069935702,591.771906992315,1.255102688446641e-09
29.47999999999955,15087.515192163024,-81.23177713909544,592.7454361619057,592.7454361604687,1.4370016288012266e-09
29.51999999999955,15086.712267397314,-81.2988003578101,593.7191356173134,593.7191356157855,1.5279510989785194e-09
29.559999999999548,15085.909191899776,-81.36571554419169,594.6930036231533,594.693003621629,1.5243131201714277e-09
29.599999999999547,15085.105964621333,-81.43251737520922,595.6670385638245,595.6670385623438,1.4806573744863272e-09
29.639999999999546,15084.302584483716,-81.49920073669604,596.6412389486468,596.6412389473298,1.3169483281672e-09
29.679999999999545,15083.499050381233,-81.56576073639465,597.6156034137712,597.6156034123851,1.3860699255019426e-09
29.719999999999544,15082.695361185986,-81.63219271636825,598.5901307245913,598.5901307231543,1.4370016288012266e-09
29.759999999999543,15081.89151575057,-81.6984922647462,599.5648197777882,599.5648197763039,1.4842953532934189e-09
29.799999999999542,15081.08751291255,-81.76465522678343,600.5396696027674,600.5396696014031,1.3642420526593924e-09
29.83999999999954,15080.283351499933,-81.83067771519663,601.5146793634703,601.5146793618005,1.6698322724550962e-09
29.87999999999954,15079.479030330862,-81.89655611976526,602.4898483575744,602.4898483561665,1.407897798344493e-09
29.91999999999954,15078.67454822158,-81.96228711616921,603.465176019552,603.4651760183515,1.2005330063402653e-09
29.95999999999954,15077.869903988858,-82.0278676740356,604.4406619192341,604.4406619180445,1.1896190699189901e-09
29.999999999999538,15077.06509645289,-82.09329506420221,605.416305761737,605.4163057603073,1.4297256711870432e-09
30.039999999999537,15076.260124442868,-82.15856686515401,606.3921073867386,606.3921073853562,1.382431946694851e-09
30.079999999999536,15075.454986798472,-82.22368096863717,607.3680667687877,607.3680667674598,1.3278622645884752e-09
30.119999999999536,15074.649682375895,-82.28863558443375,608.3441840153355,608.3441840139349,1.4006218407303095e-09
30.159999999999535,15073.84421005056,-82.35342924429497,609.3204593648661,609.3204593632872,1.5788828022778034e-09
30.199999999999534,15073.03856871993,-82.41806080501185,610.2968931854557,610.2968931841424,1.3133103493601084e-09
30.239999999999533,15072.232757307274,-82.48252945064489,611.2734859734737,611.2734859718439,1.6298145055770874e-09
30.279999999999532,15071.426774766713,-82.54683469388219,612.2502383488718,612.250238347362,1.5097612049430609e-09
30.31999999999953,15070.620620083526,-82.61097637654699,613.2271510547544,613.2271510533246,1.4297256711870432e-09
30.35999999999953,15069.814292280933,-82.67495466925561,614.2042249530423,614.2042249515907,1.4515535440295935e-09
30.39999999999953,15069.00779041949,-82.73877007021802,615.1814610209767,615.1814610193069,1.6698322724550962e-09
30.43999999999953,15068.201113602536,-82.8024234032003,616.1588603476375,616.1588603460441,1.5934347175061703e-09
30.479999999999528,15067.394260979336,-82.86591581466016,617.1364241303309,617.1364241288829,1.4479155652225018e-09
30.519999999999527,15066.58723174435,-82.92924877005491,618.1141536704927,618.1141536688956,1.597072696313262e-09
30.559999999999526,15065.780025143697,-82.99242404934404,619.0920503678753,619.0920503662092,1.6661942936480045e-09
30.599999999999525,15064.97264047688,-83.05544374170803,620.0701157174954,620.0701157158874,1.6079866327345371e-09
30.639999999999525,15064.165077096486,-83.1183102394788,621.0483513039617,621.0483513022955,1.6661942936480045e-09
30.679999999999524,15063.357334412754,-83.18102623133073,622.0267587959461,622.0267587943999,1.546140993013978e-09
30.719999999999523,15062.549411894537,-83.24359469473052,623.0053399421595,623.0053399404242,1.735315890982747e-09
30.759999999999522,15061.741309072677,-83.30601888767855,623.9840965639378,623.9840965622934,1.6443664208054543e-09
30.79999999999952,15060.933025537155,-83.36830233976346,624.9630305511091,624.9630305495884,1.520675141364336e-09
30.83999999999952,15060.12456094594,-83.4304488425609,625.9421438559111,625.9421438542777,1.6334524843841791e-09
30.87999999999952,15059.315915017833,-83.49246243939821,626.9214384861152,626.9214384844745,1.6407284419983625e-09
30.91999999999952,15058.507087540222,-83.55434741451703,627.9009164999261,627.9009164983072,1.6189005691558123e-09
30.959999999999518,15057.698078367366,-83.61610828166566,628.8805799990478,628.8805799976763,1.3715180102735758e-09
30.999999999999517,15056.888887420126,-83.67774977214971,629.8604311240088,629.8604311222662,1.7425918485969305e-09
31.039999999999516,15056.079514689052,-83.73927682238246,630.8404720442704,630.8404720427789,1.4915713109076023e-09
31.079999999999515,15055.269960232059,-83.80069456094624,631.8207049564335,631.8207049548218,1.6116246115416288e-09
31.119999999999514,15054.460224176217,-83.86200829524483,632.8011320738588,632.8011320721416,1.7171259969472885e-09
31.159999999999513,15053.65030671797,-83.92322349772063,633.7817556222653,633.78175562061,1.6552803572267294e-09
31.199999999999513,15052.840208123318,-83.98434579173723,634.7625778328656,634.7625778312286,1.6370904631912708e-09
31.23999999999951,15052.02992872439,-84.04538093711791,635.7436009358316,635.7436009341473,1.684384187683463e-09
31.27999999999951,15051.219468923498,-84.10633481540049,636.7248271535427,636.7248271518511,1.6916601452976465e-09
31.31999999999951,15050.408829189015,-84.16721341484379,637.7062586942411,637.7062586926513,1.5897967386990786e-09
31.35999999999951,15049.598010055388,-84.2280228152188,638.6878977464694,638.6878977448796,1.5897967386990786e-09
31.39999999999951,15048.787012123745,-84.2887691724351,639.6697464715253,639.6697464699355,1.5897967386990786e-09
31.439999999999507,15047.975836058278,-84.34945870303127,640.6518069987505,640.6518069968988,1.8517312128096819e-09
31.479999999999507,15047.164482586577,-84.41009766857447,641.6340814172836,641.6340814155992,1.684384187683463e-09
31.519999999999506,15046.352952497016,-84.47069236000696,642.6165717727526,642.6165717711046,1.648004399612546e-09
31.559999999999505,15045.541246638737,-84.53124908198342,643.5992800596287,643.5992800580134,1.6152625903487206e-09
31.599999999999504,15044.72936591715,-84.59177413722824,644.5822082165105,644.5822082144514,2.0590960048139095e-09
31.639999999999503,15043.917311295389,-84.65227381097127,645.5653581186416,645.5653581168917,1.749867806211114e-09
31.679999999999502,15043.105083790388,-84.71275435547336,646.548731575931,646.548731574283,1.648004399612546e-09
31.7199999999995,15042.29268446822,-84.77322197470683,647.5323303252335,647.532330323269,1.964508555829525e-09
31.7599999999995,15041.480114447397,-84.83368280921343,648.5161560258493,648.5161560239358,1.913576852530241e-09
31.7999999999995,15040.667374892097,-84.89414292117773,649.5002102547951,649.5002102529761,1.8189894035458565e-09
31.8399999999995,15039.854467011213,-84.95460827976035,650.4844945034711,650.4844945015902,1.8808350432664156e-09
31.879999999999498,15039.041392055085,-85.01508474671473,651.4690101715205,651.4690101695669,1.95359461940825e-09
31.919999999999497,15038.228151313298,-85.07557806233433,652.4537585638682,652.4537585617763,2.091837814077735e-09
31.959999999999496,15037.414746111403,-85.1360938317503,653.4387408865332,653.4387408846014,1.9317667465656996e-09
31.999999999999496,15036.601177808758,-85.19663751163147,654.4239582435257,654.423958241634,1.8917489796876907e-09
32.039999999999495,15035.787447794615,-85.25721439729111,655.4094116333217,655.40941163139,1.9317667465656996e-09
32.079999999999494,15034.973557485688,-85.31782961025772,656.395101945167,656.3951019432752,1.8917489796876907e-09
32.11999999999949,15034.159508322864,-85.37848808632074,657.3810299573306,657.3810299553588,1.9717845134437084e-09
32.15999999999949,15033.34530176869,-85.43919456407976,658.3671963342495,658.3671963323432,1.9063008949160576e-09
32.19999999999949,15032.530939302245,-85.49995357403989,659.3536016242724,659.3536016224534,1.8189894035458565e-09
32.23999999999949,15031.716422418565,-85.56076942824815,660.3402462578379,660.3402462561644,1.673470251262188e-09
32.27999999999949,15030.901752623486,-85.62164621052874,661.3271305462367,661.3271305445996,1.6370904631912708e-09
32.31999999999949,15030.086931431642,-85.68258776730447,662.3142546799245,662.3142546777963,2.128217602148652e-09
32.35999999999949,15029.271960362466,-85.74359769904954,663.301618726473,663.3016187244575,2.015440259128809e-09
32.39999999999949,15028.456840936567,-85.80467935238256,664.2892226323856,664.2892226304721,1.913576852530241e-09
32.439999999999486,15027.641574674008,-85.86583581280762,665.2770662210496,665.2770662191215,1.928128767758608e-09
32.479999999999485,15026.826163089381,-85.92706989813276,666.2651491924262,666.265149190629,1.7971615307033062e-09
32.519999999999484,15026.010607689488,-85.98838415257086,667.2534711244334,667.2534711225344,1.899024937301874e-09
32.559999999999484,15025.194909971677,-86.04978084153393,668.2420314720293,668.2420314700212,2.0081643015146255e-09
32.59999999999948,15024.379071417583,-86.1112619471268,669.2308295691728,669.2308295672192,1.95359461940825e-09
32.63999999999948,15023.563093490871,-86.17282916436227,670.2198646291763,670.2198646273027,1.873559085652232e-09
32.67999999999948,15022.746977638086,-86.23448389807666,671.2091357467689,671.2091357448699,1.899024937301874e-09
32.71999999999948,15021.930725281423,-86.29622726058506,672.1986418991219,672.1986418969464,2.1755113266408443e-09
32.75999999999948,15021.1143378153,-86.35806007003706,673.1883819473442,673.1883819452414,2.10275175049901e-09
32.79999999999948,15020.29781660892,-86.41998284951181,674.1783546400875,674.1783546380611,2.026354195550084e-09
32.83999999999948,15019.481162997823,-86.48199582682325,675.1685586153144,675.1685586133717,1.9426806829869747e-09
32.87999999999948,15018.664378284579,-86.54409893504787,676.1589924022737,676.1589924003529,1.9208528101444244e-09
32.919999999999476,15017.84746373503,-86.60629181375998,677.1496544254624,677.1496544235488,1.913576852530241e-09
32.959999999999475,15017.030420577792,-86.66857381097134,678.1405430075356,678.1405430054328,2.10275175049901e-09
32.999999999999474,15016.213249998076,-86.73094398577119,679.1316563717846,679.1316563699875,1.7971615307033062e-09
33.03999999999947,15015.395953140604,-86.79340111164214,680.122992648161,680.1229926461056,2.055458026006818e-09
33.07999999999947,15014.57853110309,-86.85594368046387,681.1145498741716,681.1145498722435,1.928128767758608e-09
33.11999999999947,15013.760984937311,-86.91856990716225,682.1063260011688,682.1063259992552,1.913576852530241e-09
33.15999999999947,15012.943315645733,-86.9812777350118,683.0983188976315,683.0983188956343,1.9972503650933504e-09
33.19999999999947,15012.125524180856,-87.04406484155857,684.0905263536297,684.0905263515342,2.0954757928848267e-09
33.23999999999947,15011.307611442893,-87.10692864516919,685.0829460858004,685.0829460836285,2.1718733478337526e-09
33.27999999999947,15010.489578278677,-87.16986631214652,686.0755757416155,686.0755757395527,2.0627339836210012e-09
33.31999999999947,15009.671425480403,-87.23287476443505,687.068412904915,687.0684129027177,2.1973391994833946e-09
33.35999999999947,15008.853153785669,-87.29595068786793,688.0614551002727,688.0614550981627,2.1100277081131935e-09
33.399999999999466,15008.034763874384,-87.35909054093307,689.0546997986021,689.0546997964448,2.1573214326053858e-09
33.439999999999465,15007.216256369029,-87.4222905640486,690.0481444223878,690.0481444201214,2.266460796818137e-09
33.479999999999464,15006.397631835482,-87.48554678930783,691.0417863505827,691.0417863482653,2.317392500117421e-09
33.51999999999946,15005.578890778244,-87.5488550506747,692.0356229245263,692.0356229224235,2.10275175049901e-09
33.55999999999946,15004.760033645429,-87.61221099460191,693.0296514539114,693.0296514517686,2.142769517377019e-09
33.59999999999946,15003.941060825866,-87.67561009103933,694.023869221277,694.0238692189923,2.2846506908535957e-09
33.63999999999946,15003.121972646859,-87.73904764481063,695.0182734880254,695.0182734859991,2.026354195550084e-09
33.67999999999946,15002.302769379463,-87.8025188073257,696.0128615006943,696.0128614984897,2.204615157097578e-09
33.71999999999946,15001.483451233005,-87.86601858859419,697.0076304957729,697.0076304936192,2.153683453798294e-09
33.75999999999946,15000.664018359315,-87.9295418695174,698.0025777059454,698.0025777037772,2.168235369026661e-09
33.79999999999946,14999.844470852851,-87.99308341442396,698.9977003651438,698.9977003629683,2.1755113266408443e-09
33.839999999999456,14999.024808748607,-88.05663788381885,699.9929957149689,699.9929957128661,2.10275175049901e-09
33.879999999999455,14998.20503202634,-88.12019984730706,700.9884610100307,700.9884610077133,2.317392500117421e-09
33.919999999999455,14997.385140608352,-88.1837637966819,701.9840935226966,701.9840935206339,2.0627339836210012e-09
33.959999999999454,14996.565134363038,-88.24732415910458,702.9798905502139,702.979890548093,2.1209416445344687e-09
33.99999999999945,14995.74501310394,-88.3108753104041,703.97584941881,703.9758494163798,2.4301698431372643e-09
34.03999999999945,14994.92477659352,-88.3744115883982,704.9719674886437,704.9719674865264,2.117303665727377e-09
34.07999999999945,14994.104424539502,-88.43792730625749,705.9682421616417,705.9682421592261,2.4156179279088974e-09
34.11999999999945,14993.283956603755,-88.50141676585073,706.9646708831642,706.9646708808141,2.3501343093812466e-09
34.15999999999945,14992.463372396802,-88.56487427105667,707.9612511496816,707.9612511472042,2.4774635676294565e-09
34.19999999999945,14991.642671483973,-88.62829414099518,708.957980512092,708.9579805100766,2.015440259128809e-09
34.23999999999945,14990.821853384557,-88.69167072316425,709.9548565822297,709.9548565800178,2.2118911147117615e-09
34.27999999999945,14990.000917576383,-88.75499840644603,710.9518770351642,710.9518770329887,2.1755113266408443e-09
34.319999999999446,14989.179863493977,-88.81827163394723,711.9490396156034,711.9490396134897,2.1136656869202852e-09
34.359999999999445,14988.358690533403,-88.88148491565094,712.946342141051,712.9463421388646,2.1864252630621195e-09
34.399999999999444,14987.537398054643,-88.94463284085407,713.9437825066925,713.9437825042405,2.4519977159798145e-09
34.43999999999944,14986.71598538128,-89.00771009035918,714.9413586882765,714.9413586858755,2.4010660126805305e-09
34.47999999999944,14985.894451804572,-89.07071144839257,715.9390687470732,715.939068744854,2.219167072325945e-09
34.51999999999944,14985.072796585922,-89.13363181423041,716.9369108327301,716.9369108306491,2.08092387765646e-09
34.55999999999944,14984.251018957313,-89.19646621349575,717.9348831869938,717.9348831847747,2.219167072325945e-09
34.59999999999944,14983.429118125912,-89.25920980912095,718.9329841459148,718.9329841435865,2.3283064365386963e-09
34.63999999999944,14982.60709327466,-89.3218579119356,719.9312121435178,719.9312121411967,2.321030478924513e-09
34.67999999999944,14981.78494356665,-89.38440599086486,720.9295657145303,720.9295657123039,2.2264430299401283e-09
34.71999999999944,14980.962668144773,-89.4468496827213,721.9280434967441,721.9280434943466,2.397428033873439e-09
34.75999999999944,14980.14026613772,-89.5091848015659,722.9266442322732,722.9266442300905,2.1827872842550278e-09
34.799999999999436,14979.317736658972,-89.57140734762352,723.9253667712946,723.9253667690209,2.2737367544323206e-09
34.839999999999435,14978.495078811773,-89.63351351572945,724.9242100718184,724.9242100694719,2.346496330574155e-09
34.879999999999434,14977.672291691579,-89.69549970329965,725.9231732029184,725.9231732004009,2.5174813345074654e-09
34.91999999999943,14976.849374385833,-89.75736251780614,726.9222553441177,726.9222553418003,2.317392500117421e-09
34.95999999999943,14976.026325980964,-89.81909878374066,727.921455788608,727.9214557861815,2.4265318643301725e-09
34.99999999999943,14975.203145560215,-89.8807055490598,728.9207739415724,728.920773939215,2.35741026699543e-09
35.03999999999943,14974.37983221037,-89.94218009110008,729.9202093224449,729.9202093203021,2.142769517377019e-09
35.07999999999943,14973.556385020422,-90.00351992195029,730.9197615647718,730.9197615625999,2.1718733478337526e-09
35.11999999999943,14972.732803086732,-90.06472279327615,731.9194304153243,731.9194304131488,2.1755113266408443e-09
35.15999999999943,14971.90908551535,-90.12578670058612,732.9192157347788,732.9192157325051,2.2737367544323206e-09
35.19999999999943,14971.085231421319,-90.18670988693789,733.9191174964653,733.9191174940061,2.459273673593998e-09
35.23999999999943,14970.261239935517,-90.24749084608098,734.9191357856689,734.9191357835261,2.142769517377019e-09
35.279999999999426,14969.437110202241,-90.30812832502191,735.9192708005976,735.9192707980365,2.561137080192566e-09
35.319999999999425,14968.612841387052,-90.36862132602725,736.9195228467943,736.9195228443859,2.408341970294714e-09
35.359999999999424,14967.788432672327,-90.42896910805024,737.9198923403492,737.9198923380973,2.2519088815897703e-09
35.39999999999942,14966.963883265411,-90.48917118758574,738.9203798036615,738.9203798012313,2.4301698431372643e-09
35.43999999999942,14966.139192397182,-90.54922733895995,739.9209858630966,739.9209858606664,2.4301698431372643e-09
35.47999999999942,14965.314359323922,-90.60913759404988,740.9217112485894,740.9217112462575,2.331944415345788e-09
35.51999999999942,14964.489383332222,-90.66890224144124,741.9225567900066,741.9225567875619,2.444721758365631e-09
35.55999999999942,14963.664263737286,-90.72852182503541,742.9235234143634,742.9235234119369,2.4265318643301725e-09
35.59999999999942,14962.83899988716,-90.78799714210083,743.9246121444448,743.9246121419746,2.470187610015273e-09
35.63999999999942,14962.01359116306,-90.84732924078207,744.9258240944364,744.9258240916824,2.7539499569684267e-09
35.67999999999942,14961.18803698118,-90.90651941708032,745.9271604662681,745.9271604637797,2.4883775040507317e-09
35.719999999999416,14960.36233679496,-90.9655692113107,746.9286225485776,746.9286225460492,2.5283952709287405e-09
35.759999999999415,14959.536490096365,-91.02448040403519,747.930211711373,747.9302117088228,2.5502231437712908e-09
35.799999999999415,14958.710496416894,-91.08325501151657,748.9319294019588,748.9319293996487,2.3101165425032377e-09
35.839999999999414,14957.884355327553,-91.14189528066163,749.9337771428691,749.9337771404826,2.3865140974521637e-09
35.87999999999941,14957.058066442036,-91.20040368350553,750.9357565257669,750.9357565232531,2.5138433557003736e-09
35.91999999999941,14956.231629418446,-91.25878291123196,751.9378692088285,751.937869206271,2.557499101385474e-09
35.95999999999941,14955.40504395691,-91.31703586774758,752.94011691185,752.9401169094563,2.393790055066347e-09
35.99999999999941,14954.57830980319,-91.3751656628266,753.9425014122135,753.9425014097214,2.4920154828578234e-09
36.03999999999941,14953.75142674844,-91.43317560485386,754.945024539782,754.9450245372645,2.5174813345074654e-09
36.07999999999941,14952.924394630578,-91.49106919316574,755.9476881723531,755.9476881698647,2.4883775040507317e-09
36.11999999999941,14952.09721333376,-91.54885011001547,756.9504942320709,756.9504942295134,2.557499101385474e-09
36.15999999999941,14951.269882788645,-91.60652221218889,757.9534446788057,757.9534446761791,2.6266206987202168e-09
36.199999999999406,14950.442402975763,-91.6640895222829,758.9565415069083,758.956541504358,2.5502231437712908e-09
36.239999999999405,14949.61477392157,-91.72155621965956,759.959786739797,759.9597867370576,2.73939804174006e-09
36.279999999999404,14948.78699570144,-91.7789266311154,760.963182424246,760.9631824217249,2.521119313314557e-09
36.3199999999994,14947.959068438739,-91.83620522127244,761.9667306269293,761.9667306242845,2.6448105927556753e-09
36.3599999999994,14947.1309923038,-91.89339658270849,762.9704334279195,762.9704334252747,2.6448105927556753e-09
36.3999999999994,14946.302767516012,-91.95050542587254,763.9742929163149,763.9742929137137,2.6011548470705748e-09
36.4399999999994,14945.474394342413,-92.00753656877207,764.9783111855395,764.9783111829383,2.6011548470705748e-09
36.4799999999994,14944.64587309554,-92.06449492648981,765.982490327624,765.9824903250956,2.5283952709287405e-09
36.5199999999994,14943.817204136574,-92.12138550053095,766.986832429011,766.9868324264535,2.557499101385474e-09
36.5599999999994,14942.988387872854,-92.17821336802405,767.9913395644107,767.991339561806,2.6047928258776665e-09
36.5999999999994,14942.15942475554,-92.23498367081548,768.9960137932467,768.9960137905546,2.6921043172478676e-09
36.6399999999994,14941.330315282394,-92.29170160445514,770.0008571535036,770.0008571508442,2.659362507984042e-09
36.679999999999396,14940.501059993649,-92.34837240712432,771.0058716579188,771.0058716552849,2.6338966563344e-09
36.719999999999395,14939.671659473575,-92.40500134850703,772.0110592883575,772.0110592858364,2.521119313314557e-09
36.759999999999394,14938.842114348798,-92.46159371864027,773.0164219922808,773.0164219896578,2.622982719913125e-09
36.79999999999939,14938.012425285275,-92.51815481675497,774.0219616765862,774.0219616738068,2.7794158086180687e-09
36.83999999999939,14937.1825929902,-92.57468994014917,775.0276802042426,775.0276802015105,2.7321220841258764e-09
36.87999999999939,14936.352618208564,-92.63120437309385,776.0335793896884,776.0335793870363,2.6520865503698587e-09
36.91999999999939,14935.522501722455,-92.68770337581452,777.0396609947384,777.0396609920463,2.6921043172478676e-09
36.95999999999939,14934.69224434979,-92.74419217355509,778.0459267232291,778.045926720748,2.4811015464365482e-09
36.99999999999939,14933.861846942682,-92.80067594575229,779.052378219505,779.0523782166892,2.815795596688986e-09
37.03999999999939,14933.031310386457,-92.85715981534776,780.0590170609139,780.0590170583964,2.5174813345074654e-09
37.07999999999939,14932.200635595742,-92.9136488382528,781.0658447581009,781.065844755456,2.6448105927556753e-09
37.119999999999386,14931.369823517021,-92.9701479929796,782.0728627479621,782.0728627454664,2.495653461664915e-09
37.159999999999386,14930.538875122755,-93.02666217047926,783.080072393037,783.0800723901484,2.88855517283082e-09
37.199999999999385,14929.707791412084,-93.08319616419247,784.0874749753602,784.087474972479,2.8812792152166367e-09
37.239999999999384,14928.876573407164,-93.13975466032716,785.0950716958869,785.095071693333,2.5538611225783825e-09
37.27999999999938,14928.045222153522,-93.19634222840233,786.1028636714,786.1028636688643,2.535671228542924e-09
37.31999999999938,14927.213738716653,-93.25296331205466,787.1108519297668,787.1108519271584,2.608430804684758e-09
37.35999999999938,14926.382124179481,-93.30962222013767,788.1190374091748,788.1190374067446,2.4301698431372643e-09
37.39999999999938,14925.550379642003,-93.36632311813335,789.1274209559997,789.1274209533804,2.6193447411060333e-09
37.43999999999938,14924.718506218847,-93.42307001988037,790.1360033208439,790.1360033181336,2.710294211283326e-09
37.47999999999938,14923.886505036084,-93.47986677964643,791.1447851587654,791.1447851560224,2.7430360205471516e-09
37.51999999999938,14923.054377230359,-93.5367170845533,792.1537670260186,792.1537670233993,2.6193447411060333e-09
37.55999999999938,14922.22212394693,-93.59362444736807,793.1629493796099,793.1629493770197,2.5902409106492996e-09
37.599999999999376,14921.389746335797,-93.65059219968512,794.1723325753119,794.172332572627,2.684828359633684e-09
37.639999999999375,14920.5572455524,-93.70762348548817,795.1819168666516,795.1819168640286,2.622982719913125e-09
37.679999999999374,14919.72462275357,-93.76472125513737,796.1917024045397,796.1917024016257,2.914021024480462e-09
37.719999999999374,14918.891879094994,-93.82188825975642,797.2016892352949,797.2016892327374,2.557499101385474e-09
37.75999999999937,14918.059015732619,-93.87912704605472,798.2118773026414,798.2118772998037,2.837623469531536e-09
37.79999999999937,14917.226033814914,-93.93643995159421,799.2222664446454,799.2222664418077,2.837623469531536e-09
37.83999999999937,14916.392934485957,-93.99382910048237,800.2328563955489,800.2328563928568,2.6921043172478676e-09
37.87999999999937,14915.559718880248,-94.05129639953371,801.2436467859334,801.2436467829793,2.954038791358471e-09
37.91999999999937,14914.726388123376,-94.1088435348798,802.2546371415992,802.2546371388562,2.7430360205471516e-09
37.95999999999937,14913.892943327686,-94.1664719690511,803.2658268863197,803.2658268834675,2.852175384759903e-09
37.99999999999937,14913.059385590062,-94.22418293851787,804.2772153411934,804.2772153383121,2.8812792152166367e-09
38.03999999999937,14912.2257159937,-94.28197745171072,805.2888017260848,805.2888017231926,2.892193151637912e-09
38.079999999999366,14911.391935601432,-94.33985628751101,806.3005851609632,806.3005851580965,2.86672729998827e-09
38.119999999999365,14910.55804545726,-94.39781999421744,807.3125646675544,807.3125646645713,2.9831426218152046e-09
38.159999999999364,14909.724046583151,-94.45586888898916,808.3247391701589,808.3247391674558,2.7030182536691427e-09
38.19999999999936,14908.889939977524,-94.51400305776546,809.3371074991155,809.3371074962197,2.8958311304450035e-09
38.23999999999936,14908.055726614522,-94.57222235566019,810.3496683909689,810.349668387953,3.01588443107903e-09
38.27999999999936,14907.221407440387,-94.63052640782175,811.3624204915359,811.362420488771,2.764863893389702e-09
38.31999999999936,14906.38698337438,-94.68891461077446,812.3753623592238,812.3753623564553,2.7685018721967936e-09
38.35999999999936,14905.55245530512,-94.74738613421125,813.388492466238,813.3884924631893,3.0486262403428555e-09
38.39999999999936,14904.71782409065,-94.80593992324945,814.4018092008992,814.4018091978214,3.077730070799589e-09
38.43999999999936,14903.88309055611,-94.864574701149,815.4153108727405,815.4153108698811,2.8594513423740864e-09
38.47999999999936,14903.048255492818,-94.92328897246247,816.4289957138826,816.4289957110232,2.8594513423740864e-09
38.51999999999936,14902.21331965837,-94.98208102662385,817.442861882857,817.4428618799648,2.892193151637912e-09
38.559999999999356,14901.378283772805,-95.04094894198545,818.4569074673382,818.4569074644241,2.914021024480462e-09
38.599999999999355,14900.543148520186,-95.09989059024682,819.471130488615,819.4711304855482,3.066816134378314e-09
38.639999999999354,14899.707914546289,-95.15890364131403,820.4855289037841,820.4855289008883,2.8958311304450035e-09
38.67999999999935,14898.872582457157,-95.21798556854596,821.5001006119892,821.500100608846,3.14321368932724e-09
38.71999999999935,14898.037152819954,-95.27713365438797,822.5148434547082,822.5148434519033,2.8048816602677107e-09
38.75999999999935,14897.201626161492,-95.3363449963791,823.5297552238044,823.529755220974,2.8303475119173527e-09
38.79999999999935,14896.366002967156,-95.39561651352004,824.5448336620211,824.5448336592126,2.8085196390748024e-09
38.83999999999935,14895.530283681233,-95.45494495298007,825.5600764692826,825.5600764663723,2.9103830456733704e-09
38.87999999999935,14894.694468705768,-95.51432689714072,826.5754813058702,826.5754813029489,2.9212969820946455e-09
38.91999999999935,14893.858558400892,-95.57375877094908,827.5910457973805,827.5910457945683,2.812157617881894e-09
38.95999999999935,14893.022553082474,-95.63323684957075,828.6067675392369,828.6067675361119,3.1250237952917814e-09
38.999999999999346,14892.186453026263,-95.69275726632486,829.6226440997962,829.6226440965656,3.230525180697441e-09
39.039999999999345,14891.350258462633,-95.75231602087858,830.6386730260965,830.6386730232007,2.8958311304450035e-09
39.079999999999345,14890.513969580881,-95.81190898770134,831.6548518487289,831.6548518458221,2.9067450668662786e-09
39.119999999999344,14889.6775865255,-95.87153192472609,832.6711780846963,832.6711780816695,3.026798367500305e-09
39.15999999999934,14888.841109401517,-95.93118048224228,833.6876492431256,833.6876492402334,2.892193151637912e-09
39.19999999999934,14888.004538268788,-95.99085021196444,834.704262829855,834.7042628269628,2.892193151637912e-09
39.23999999999934,14887.167873145532,-96.05053657628106,835.7210163519048,835.7210163489071,2.9976945370435715e-09
39.27999999999934,14886.331114009687,-96.11023495765129,836.7379073209922,836.7379073182165,2.775777829810977e-09
39.31999999999934,14885.494260797412,-96.16994066813531,837.7549332601666,837.7549332570597,3.106833901256323e-09
39.35999999999934,14884.657313403775,-96.2296489590388,838.7720917056722,838.7720917027182,2.954038791358471e-09
39.39999999999934,14883.820271685017,-96.2893550306523,839.7893802141916,839.7893802111685,3.0231603886932135e-09
39.43999999999934,14882.983135457544,-96.34905404205172,840.8067963647554,840.8067963617432,3.0122464522719383e-09
39.479999999999336,14882.145904499965,-96.40874112097084,841.8243377650142,841.8243377620311,2.9831426218152046e-09
39.519999999999335,14881.308578553175,-96.46841137368479,842.84200205452,842.8420020514786,3.041350282728672e-09
39.559999999999334,14880.471157322074,-96.5280598949215,843.8597869089281,843.8597869060868,2.841261448338628e-09
39.59999999999933,14879.633640475864,-96.58768177775892,844.8776900447774,844.8776900419216,2.8558133635669947e-09
39.63999999999933,14878.796027649534,-96.64727212349102,845.8957092234668,845.895709220491,2.975866664201021e-09
39.67999999999933,14877.958318445058,-96.70682605145886,846.9138422542965,846.9138422511423,3.154127625748515e-09
39.71999999999933,14877.120512432888,-96.7663387087917,847.9320869993498,847.9320869963449,3.004970494657755e-09
39.75999999999933,14876.282609152555,-96.82580528009186,848.9504413768518,848.9504413741415,2.710294211283326e-09
39.79999999999933,14875.4446081136,-96.8852209969826,849.9689033658324,849.968903362791,3.041350282728672e-09
39.83999999999933,14874.60650879818,-96.94458114755403,850.9874710070035,850.9874710039476,3.055902197957039e-09
39.87999999999933,14873.768310662941,-97.00388108565842,852.0061424090891,852.0061424060077,3.081368049606681e-09
39.91999999999933,14872.930013138763,-97.06311624004158,853.0249157504113,853.0249157473118,3.0995579436421394e-09
39.959999999999326,14872.09161563282,-97.12228212330453,854.0437892825139,854.0437892795235,2.990418579429388e-09
39.999999999999325,14871.253117530561,-97.18137434065645,855.062761333349,855.0627613302822,3.066816134378314e-09
40.039999999999324,14870.414518197309,-97.24038859847337,856.0818303095148,856.0818303064298,3.0850060284137726e-09
